{"stats":{"minecraft:killed_by":{"alexsmobs:crocodile":1,"minecraft:spider":1},"minecraft:picked_up":{"minecraft:birch_log":8,"minecraft:crafting_table":1,"minecraft:stick":30,"minecraft:feather":5,"minecraft:chicken":3,"iceandfire:pixie_house_oak":2,"minecraft:salmon":9,"iceandfire:pixie_house_mushroom_brown":2,"minecraft:birch_planks":42,"minecraft:oak_log":9,"medieval_craft:tin_ingot":2,"minecraft:dark_oak_log":16,"minecraft:dirt":9,"iceandfire:pixie_house_mushroom_red":1,"minecraft:rotten_flesh":5,"minecraft:wheat_seeds":1,"iceandfire:pixie_house_spruce":1,"dynamictrees:dark_oak_seed":2,"dynamictrees:oak_seed":3,"minecraft:mutton":4,"minecraft:furnace":1,"minecraft:white_wool":2,"minecraft:cobblestone":16,"minecraft:egg":1},"minecraft:mined":{"minecraft:tall_seagrass":1,"minecraft:furnace":1,"iceandfire:pixie_house_mushroom_red":1,"minecraft:crafting_table":1,"minecraft:grass":5,"iceandfire:pixie_house_mushroom_brown":2,"minecraft:grass_block":2,"minecraft:sunflower":1,"iceandfire:pixie_house_spruce":1,"minecraft:dirt":4,"iceandfire:pixie_house_oak":2,"minecraft:cobblestone":1,"medieval_craft:tin_ingot":2,"minecraft:stone":16},"minecraft:custom":{"minecraft:time_since_rest":20799,"minecraft:sprint_one_cm":65406,"minecraft:interact_with_furnace":8,"minecraft:damage_taken":740,"minecraft:walk_one_cm":88966,"minecraft:mob_kills":16,"minecraft:drop":4,"minecraft:damage_dealt":1015,"minecraft:swim_one_cm":33307,"minecraft:interact_with_crafting_table":5,"minecraft:fly_one_cm":117825,"minecraft:play_one_minute":37204,"minecraft:crouch_one_cm":8079,"minecraft:deaths":2,"minecraft:sneak_time":2800,"minecraft:walk_under_water_one_cm":9001,"minecraft:jump":638,"minecraft:leave_game":1,"minecraft:time_since_death":20638,"minecraft:walk_on_water_one_cm":15457,"minecraft:fall_one_cm":14596},"minecraft:used":{"minecraft:dark_oak_planks":32,"minecraft:stone_pickaxe":13,"minecraft:oak_planks":36,"minecraft:wooden_pickaxe":12,"minecraft:cooked_salmon":1,"minecraft:cooked_chicken":3,"minecraft:rotten_flesh":2,"minecraft:stone_axe":33,"minecraft:salmon":7,"minecraft:crafting_table":1,"minecraft:dirt":5,"minecraft:furnace":1,"minecraft:egg":1},"minecraft:dropped":{"minecraft:wooden_axe":1,"minecraft:wooden_pickaxe":1,"minecraft:salmon":2},"minecraft:crafted":{"minecraft:oak_planks":36,"minecraft:crafting_table":1,"minecraft:stick":4,"minecraft:cooked_chicken":3,"minecraft:wooden_pickaxe":1,"minecraft:stone_pickaxe":1,"minecraft:wooden_axe":1,"minecraft:furnace":1,"minecraft:cooked_salmon":1,"minecraft:dark_oak_planks":32,"minecraft:birch_planks":32,"minecraft:stone_axe":1,"minecraft:air":0},"minecraft:killed":{"minecraft:sheep":1,"minecraft:zombie":2,"minecraft:chicken":3,"minecraft:salmon":10}},"DataVersion":2586}