{"stats":{"minecraft:killed_by":{"minecraft:player":1,"alexsmobs:crocodile":1,"minecraft:spider":2,"minecraft:zombie":2},"minecraft:picked_up":{"minecraft:birch_log":8,"minecraft:crafting_table":2,"minecraft:feather":5,"minecraft:chicken":3,"iceandfire:pixie_house_oak":2,"minecraft:andesite":16,"minecraft:salmon":16,"minecraft:wooden_pickaxe":1,"minecraft:birch_planks":42,"minecraft:oak_log":20,"medieval_craft:tin_ingot":2,"minecraft:lapis_lazuli":69,"minecraft:dirt":46,"iceandfire:pixie_house_mushroom_red":1,"minecraft:cooked_mutton":1,"dynamictrees:dark_oak_seed":2,"minecraft:wheat_seeds":1,"minecraft:iron_ingot":8,"minecraft:iron_ore":68,"minecraft:iron_pickaxe":1,"dynamictrees:oak_seed":6,"minecraft:oak_planks":22,"minecraft:egg":1,"minecraft:furnace":4,"minecraft:stick":51,"minecraft:torch":16,"iceandfire:pixie_house_mushroom_brown":2,"minecraft:porkchop":3,"minecraft:ink_sac":2,"minecraft:diorite":2,"minecraft:dark_oak_log":16,"minecraft:rotten_flesh":5,"minecraft:diamond":5,"iceandfire:pixie_house_spruce":1,"minecraft:granite":15,"minecraft:mutton":4,"minecraft:coal":32,"minecraft:white_wool":2,"minecraft:cobblestone":408},"minecraft:custom":{"minecraft:interact_with_furnace":48,"minecraft:mob_kills":24,"minecraft:interact_with_crafting_table":23,"minecraft:play_one_minute":99914,"minecraft:leave_game":6,"minecraft:time_since_death":34758,"minecraft:time_since_rest":35148,"minecraft:sprint_one_cm":147903,"minecraft:damage_taken":2895,"minecraft:walk_one_cm":209387,"minecraft:drop":56,"minecraft:damage_dealt":1714,"minecraft:swim_one_cm":67491,"minecraft:player_kills":1,"minecraft:fly_one_cm":191368,"minecraft:crouch_one_cm":17998,"minecraft:deaths":7,"minecraft:sneak_time":8162,"minecraft:walk_under_water_one_cm":20494,"minecraft:boat_one_cm":16142,"minecraft:jump":1174,"minecraft:walk_on_water_one_cm":31111,"minecraft:fall_one_cm":27194},"minecraft:mined":{"minecraft:diamond_ore":5,"minecraft:granite":13,"minecraft:crafting_table":2,"iceandfire:pixie_house_mushroom_brown":2,"minecraft:grass_block":12,"iceandfire:pixie_house_oak":2,"minecraft:cobblestone":45,"minecraft:lapis_ore":10,"minecraft:oak_planks":3,"minecraft:diorite":1,"minecraft:wall_torch":3,"minecraft:tall_seagrass":1,"minecraft:furnace":4,"minecraft:iron_ore":53,"minecraft:andesite":12,"iceandfire:pixie_house_mushroom_red":1,"minecraft:grass":6,"minecraft:coal_ore":17,"minecraft:sunflower":1,"iceandfire:pixie_house_spruce":1,"minecraft:dirt":39,"medieval_craft:tin_ingot":2,"minecraft:stone":229},"minecraft:used":{"minecraft:cooked_mutton":1,"minecraft:water_bucket":4,"minecraft:stone_sword":18,"minecraft:stone_pickaxe":132,"minecraft:oak_planks":39,"minecraft:wooden_pickaxe":17,"minecraft:cooked_salmon":8,"minecraft:cooked_chicken":3,"minecraft:rotten_flesh":2,"minecraft:salmon":7,"minecraft:torch":38,"minecraft:dirt":15,"minecraft:crafting_table":6,"minecraft:wooden_axe":1,"minecraft:dark_oak_planks":32,"minecraft:iron_pickaxe":250,"minecraft:stone_axe":34,"minecraft:cobblestone":100,"minecraft:furnace":5,"minecraft:bucket":5,"minecraft:oak_boat":1,"minecraft:egg":1},"minecraft:broken":{"minecraft:iron_pickaxe":1},"minecraft:crafted":{"minecraft:oak_planks":80,"minecraft:crafting_table":5,"minecraft:iron_helmet":1,"minecraft:wooden_pickaxe":2,"minecraft:cooked_chicken":3,"minecraft:iron_sword":1,"minecraft:furnace":5,"minecraft:cooked_salmon":8,"minecraft:bucket":1,"minecraft:birch_planks":32,"minecraft:stone_axe":1,"minecraft:air":0,"minecraft:oak_boat":1,"minecraft:iron_boots":1,"minecraft:iron_chestplate":1,"minecraft:shield":1,"minecraft:stick":4,"minecraft:iron_ingot":47,"minecraft:iron_pickaxe":1,"minecraft:stone_pickaxe":2,"minecraft:wooden_axe":2,"minecraft:stone_sword":1,"minecraft:iron_leggings":1,"minecraft:dark_oak_planks":32,"minecraft:torch":56},"minecraft:dropped":{"minecraft:iron_ingot":19,"minecraft:porkchop":1,"minecraft:stone_sword":1,"minecraft:oak_planks":14,"minecraft:salmon":6,"minecraft:stick":2,"minecraft:wooden_axe":2,"minecraft:iron_ore":8,"minecraft:stone_pickaxe":1,"minecraft:wooden_pickaxe":2},"minecraft:killed":{"minecraft:salmon":17,"minecraft:sheep":1,"minecraft:zombie":3,"minecraft:chicken":3}},"DataVersion":2586}