{"stats":{"minecraft:killed_by":{"alexsmobs:crocodile":1,"minecraft:spider":1},"minecraft:picked_up":{"minecraft:birch_log":8,"minecraft:stick":30,"iceandfire:pixie_house_oak":2,"minecraft:salmon":9,"iceandfire:pixie_house_mushroom_brown":2,"minecraft:birch_planks":24,"minecraft:oak_log":9,"medieval_craft:tin_ingot":2,"minecraft:dark_oak_log":16,"minecraft:dirt":6,"iceandfire:pixie_house_mushroom_red":1,"minecraft:rotten_flesh":5,"dynamictrees:dark_oak_seed":2,"iceandfire:pixie_house_spruce":1,"minecraft:wheat_seeds":1,"dynamictrees:oak_seed":3,"minecraft:mutton":4,"minecraft:white_wool":2,"minecraft:cobblestone":7},"minecraft:mined":{"minecraft:tall_seagrass":1,"iceandfire:pixie_house_mushroom_red":1,"iceandfire:pixie_house_mushroom_brown":2,"minecraft:grass":3,"minecraft:grass_block":1,"minecraft:dirt":4,"minecraft:sunflower":1,"iceandfire:pixie_house_spruce":1,"iceandfire:pixie_house_oak":2,"minecraft:cobblestone":1,"medieval_craft:tin_ingot":2,"minecraft:stone":7},"minecraft:custom":{"minecraft:time_since_rest":10346,"minecraft:interact_with_furnace":1,"minecraft:sprint_one_cm":46387,"minecraft:damage_taken":650,"minecraft:walk_one_cm":41332,"minecraft:mob_kills":13,"minecraft:drop":4,"minecraft:damage_dealt":870,"minecraft:swim_one_cm":32535,"minecraft:interact_with_crafting_table":2,"minecraft:fly_one_cm":87688,"minecraft:crouch_one_cm":7429,"minecraft:play_one_minute":26751,"minecraft:deaths":2,"minecraft:sneak_time":2553,"minecraft:walk_under_water_one_cm":8969,"minecraft:jump":441,"minecraft:leave_game":1,"minecraft:walk_on_water_one_cm":13376,"minecraft:time_since_death":10185,"minecraft:fall_one_cm":10258},"minecraft:used":{"minecraft:dark_oak_planks":19,"minecraft:stone_pickaxe":3,"minecraft:oak_planks":34,"minecraft:wooden_pickaxe":12,"minecraft:cooked_salmon":1,"minecraft:rotten_flesh":2,"minecraft:stone_axe":29,"minecraft:salmon":7,"minecraft:dirt":5},"minecraft:dropped":{"minecraft:wooden_axe":1,"minecraft:wooden_pickaxe":1,"minecraft:salmon":2},"minecraft:crafted":{"minecraft:oak_planks":36,"minecraft:stick":4,"minecraft:wooden_pickaxe":1,"minecraft:stone_pickaxe":1,"minecraft:wooden_axe":1,"minecraft:cooked_salmon":1,"minecraft:dark_oak_planks":32,"minecraft:birch_planks":32,"minecraft:stone_axe":1,"minecraft:air":0},"minecraft:killed":{"minecraft:sheep":1,"minecraft:zombie":2,"minecraft:salmon":10}},"DataVersion":2586}