{"stats":{"minecraft:killed_by":{"minecraft:player":1,"alexsmobs:crocodile":1,"minecraft:spider":2,"minecraft:zombie":2},"minecraft:picked_up":{"minecraft:birch_log":8,"minecraft:crafting_table":2,"minecraft:feather":5,"minecraft:chicken":3,"iceandfire:pixie_house_oak":2,"minecraft:andesite":12,"minecraft:salmon":16,"minecraft:birch_planks":42,"minecraft:oak_log":20,"medieval_craft:tin_ingot":2,"minecraft:lapis_lazuli":57,"minecraft:dirt":45,"iceandfire:pixie_house_mushroom_red":1,"minecraft:cooked_mutton":1,"dynamictrees:dark_oak_seed":2,"minecraft:wheat_seeds":1,"minecraft:iron_ore":14,"dynamictrees:oak_seed":6,"minecraft:oak_planks":2,"minecraft:egg":1,"minecraft:furnace":1,"minecraft:stick":49,"iceandfire:pixie_house_mushroom_brown":2,"minecraft:ink_sac":2,"minecraft:dark_oak_log":16,"minecraft:rotten_flesh":5,"iceandfire:pixie_house_spruce":1,"minecraft:granite":2,"minecraft:mutton":4,"minecraft:coal":16,"minecraft:white_wool":2,"minecraft:cobblestone":78},"minecraft:mined":{"minecraft:granite":2,"minecraft:crafting_table":2,"iceandfire:pixie_house_mushroom_brown":2,"minecraft:grass_block":12,"iceandfire:pixie_house_oak":2,"minecraft:cobblestone":6,"minecraft:lapis_ore":8,"minecraft:oak_planks":3,"minecraft:tall_seagrass":1,"minecraft:furnace":1,"minecraft:iron_ore":14,"minecraft:andesite":12,"iceandfire:pixie_house_mushroom_red":1,"minecraft:grass":6,"minecraft:coal_ore":6,"minecraft:sunflower":1,"iceandfire:pixie_house_spruce":1,"minecraft:dirt":37,"medieval_craft:tin_ingot":2,"minecraft:stone":72},"minecraft:custom":{"minecraft:interact_with_furnace":11,"minecraft:mob_kills":24,"minecraft:interact_with_crafting_table":10,"minecraft:play_one_minute":74881,"minecraft:leave_game":5,"minecraft:time_since_death":9725,"minecraft:time_since_rest":10115,"minecraft:sprint_one_cm":116693,"minecraft:damage_taken":2600,"minecraft:walk_one_cm":150766,"minecraft:drop":8,"minecraft:damage_dealt":1534,"minecraft:swim_one_cm":67491,"minecraft:fly_one_cm":167041,"minecraft:crouch_one_cm":10555,"minecraft:deaths":7,"minecraft:sneak_time":5293,"minecraft:walk_under_water_one_cm":19973,"minecraft:boat_one_cm":16142,"minecraft:jump":896,"minecraft:walk_on_water_one_cm":29017,"minecraft:fall_one_cm":25456},"minecraft:used":{"minecraft:cooked_mutton":1,"minecraft:stone_sword":15,"minecraft:stone_pickaxe":111,"minecraft:oak_planks":39,"minecraft:wooden_pickaxe":17,"minecraft:cooked_salmon":5,"minecraft:cooked_chicken":3,"minecraft:rotten_flesh":2,"minecraft:salmon":7,"minecraft:torch":17,"minecraft:dirt":15,"minecraft:crafting_table":4,"minecraft:wooden_axe":1,"minecraft:dark_oak_planks":32,"minecraft:stone_axe":34,"minecraft:furnace":1,"minecraft:oak_boat":1,"minecraft:egg":1},"minecraft:dropped":{"minecraft:salmon":6,"minecraft:wooden_axe":1,"minecraft:wooden_pickaxe":1},"minecraft:crafted":{"minecraft:oak_planks":80,"minecraft:crafting_table":5,"minecraft:wooden_pickaxe":2,"minecraft:cooked_chicken":3,"minecraft:furnace":1,"minecraft:cooked_salmon":8,"minecraft:birch_planks":32,"minecraft:stone_axe":1,"minecraft:air":0,"minecraft:oak_boat":1,"minecraft:stick":4,"minecraft:stone_pickaxe":2,"minecraft:wooden_axe":2,"minecraft:stone_sword":1,"minecraft:dark_oak_planks":32,"minecraft:torch":56},"minecraft:killed":{"minecraft:salmon":17,"minecraft:sheep":1,"minecraft:zombie":3,"minecraft:chicken":3}},"DataVersion":2586}