{"stats":{"minecraft:picked_up":{"minecraft:birch_log":8,"minecraft:stick":21,"iceandfire:pixie_house_oak":2,"iceandfire:pixie_house_mushroom_brown":2,"minecraft:oak_log":9,"minecraft:dirt":6,"iceandfire:pixie_house_mushroom_red":1,"iceandfire:pixie_house_spruce":1,"minecraft:wheat_seeds":1,"dynamictrees:oak_seed":3,"minecraft:cobblestone":7},"minecraft:mined":{"iceandfire:pixie_house_mushroom_red":1,"iceandfire:pixie_house_mushroom_brown":2,"minecraft:grass":2,"minecraft:grass_block":1,"minecraft:dirt":4,"minecraft:sunflower":1,"iceandfire:pixie_house_spruce":1,"iceandfire:pixie_house_oak":2,"minecraft:cobblestone":1,"minecraft:stone":7},"minecraft:custom":{"minecraft:time_since_rest":9123,"minecraft:sprint_one_cm":10439,"minecraft:damage_taken":65,"minecraft:walk_one_cm":17754,"minecraft:drop":2,"minecraft:damage_dealt":44,"minecraft:swim_one_cm":10881,"minecraft:interact_with_crafting_table":2,"minecraft:fly_one_cm":12004,"minecraft:crouch_one_cm":939,"minecraft:play_one_minute":9123,"minecraft:sneak_time":505,"minecraft:walk_under_water_one_cm":1033,"minecraft:jump":99,"minecraft:walk_on_water_one_cm":4311,"minecraft:time_since_death":9123,"minecraft:fall_one_cm":1492},"minecraft:used":{"minecraft:stone_pickaxe":1,"minecraft:wooden_pickaxe":12,"minecraft:stone_axe":7,"minecraft:dirt":5},"minecraft:crafted":{"minecraft:stick":4,"minecraft:wooden_pickaxe":1,"minecraft:stone_pickaxe":1,"minecraft:wooden_axe":1,"minecraft:birch_planks":32,"minecraft:stone_axe":1},"minecraft:dropped":{"minecraft:wooden_axe":1,"minecraft:wooden_pickaxe":1}},"DataVersion":2586}