{"stats":{"minecraft:killed_by":{"minecraft:player":1,"alexsmobs:crocodile":1,"minecraft:spider":2,"minecraft:zombie":2},"minecraft:picked_up":{"minecraft:birch_log":8,"minecraft:crafting_table":2,"minecraft:feather":5,"minecraft:chicken":3,"iceandfire:pixie_house_oak":2,"minecraft:andesite":16,"minecraft:salmon":16,"minecraft:birch_planks":42,"minecraft:oak_log":20,"medieval_craft:tin_ingot":2,"minecraft:lapis_lazuli":69,"minecraft:dirt":45,"iceandfire:pixie_house_mushroom_red":1,"minecraft:cooked_mutton":1,"dynamictrees:dark_oak_seed":2,"minecraft:wheat_seeds":1,"minecraft:iron_ore":45,"dynamictrees:oak_seed":6,"minecraft:oak_planks":2,"minecraft:egg":1,"minecraft:furnace":1,"minecraft:stick":49,"minecraft:torch":1,"iceandfire:pixie_house_mushroom_brown":2,"minecraft:ink_sac":2,"minecraft:dark_oak_log":16,"minecraft:rotten_flesh":5,"minecraft:diamond":5,"iceandfire:pixie_house_spruce":1,"minecraft:granite":12,"minecraft:mutton":4,"minecraft:coal":19,"minecraft:white_wool":2,"minecraft:cobblestone":229},"minecraft:custom":{"minecraft:interact_with_furnace":18,"minecraft:mob_kills":24,"minecraft:interact_with_crafting_table":14,"minecraft:play_one_minute":86881,"minecraft:leave_game":5,"minecraft:time_since_death":21725,"minecraft:time_since_rest":22115,"minecraft:sprint_one_cm":121754,"minecraft:damage_taken":2724,"minecraft:walk_one_cm":168865,"minecraft:drop":8,"minecraft:damage_dealt":1674,"minecraft:swim_one_cm":67491,"minecraft:player_kills":1,"minecraft:fly_one_cm":172649,"minecraft:crouch_one_cm":17023,"minecraft:deaths":7,"minecraft:sneak_time":7715,"minecraft:walk_under_water_one_cm":19973,"minecraft:boat_one_cm":16142,"minecraft:jump":947,"minecraft:walk_on_water_one_cm":29017,"minecraft:fall_one_cm":26296},"minecraft:mined":{"minecraft:diamond_ore":5,"minecraft:granite":11,"minecraft:crafting_table":2,"iceandfire:pixie_house_mushroom_brown":2,"minecraft:grass_block":12,"iceandfire:pixie_house_oak":2,"minecraft:cobblestone":12,"minecraft:lapis_ore":10,"minecraft:oak_planks":3,"minecraft:wall_torch":3,"minecraft:tall_seagrass":1,"minecraft:furnace":1,"minecraft:iron_ore":45,"minecraft:andesite":12,"iceandfire:pixie_house_mushroom_red":1,"minecraft:grass":6,"minecraft:coal_ore":9,"minecraft:sunflower":1,"iceandfire:pixie_house_spruce":1,"minecraft:dirt":37,"medieval_craft:tin_ingot":2,"minecraft:stone":216},"minecraft:used":{"minecraft:cooked_mutton":1,"minecraft:stone_sword":18,"minecraft:stone_pickaxe":132,"minecraft:oak_planks":39,"minecraft:wooden_pickaxe":17,"minecraft:cooked_salmon":6,"minecraft:cooked_chicken":3,"minecraft:rotten_flesh":2,"minecraft:salmon":7,"minecraft:torch":31,"minecraft:dirt":15,"minecraft:crafting_table":5,"minecraft:wooden_axe":1,"minecraft:dark_oak_planks":32,"minecraft:iron_pickaxe":180,"minecraft:stone_axe":34,"minecraft:cobblestone":53,"minecraft:furnace":2,"minecraft:oak_boat":1,"minecraft:egg":1},"minecraft:dropped":{"minecraft:salmon":6,"minecraft:wooden_axe":1,"minecraft:wooden_pickaxe":1},"minecraft:crafted":{"minecraft:oak_planks":80,"minecraft:crafting_table":5,"minecraft:wooden_pickaxe":2,"minecraft:cooked_chicken":3,"minecraft:furnace":2,"minecraft:cooked_salmon":8,"minecraft:bucket":1,"minecraft:birch_planks":32,"minecraft:stone_axe":1,"minecraft:air":0,"minecraft:oak_boat":1,"minecraft:shield":1,"minecraft:stick":4,"minecraft:iron_ingot":9,"minecraft:iron_pickaxe":1,"minecraft:stone_pickaxe":2,"minecraft:wooden_axe":2,"minecraft:stone_sword":1,"minecraft:dark_oak_planks":32,"minecraft:torch":56},"minecraft:killed":{"minecraft:salmon":17,"minecraft:sheep":1,"minecraft:zombie":3,"minecraft:chicken":3}},"DataVersion":2586}