{"stats":{"minecraft:killed_by":{"minecraft:player":1,"alexsmobs:crocodile":1,"minecraft:spider":2},"minecraft:picked_up":{"minecraft:birch_log":8,"minecraft:crafting_table":2,"minecraft:feather":5,"minecraft:chicken":3,"iceandfire:pixie_house_oak":2,"minecraft:salmon":9,"minecraft:birch_planks":42,"minecraft:oak_log":12,"medieval_craft:tin_ingot":2,"minecraft:dirt":9,"iceandfire:pixie_house_mushroom_red":1,"dynamictrees:dark_oak_seed":2,"minecraft:wheat_seeds":1,"dynamictrees:oak_seed":4,"minecraft:egg":1,"minecraft:furnace":1,"minecraft:stick":33,"iceandfire:pixie_house_mushroom_brown":2,"minecraft:dark_oak_log":16,"minecraft:rotten_flesh":5,"iceandfire:pixie_house_spruce":1,"minecraft:mutton":4,"minecraft:coal":6,"minecraft:white_wool":2,"minecraft:cobblestone":20},"minecraft:mined":{"minecraft:crafting_table":2,"iceandfire:pixie_house_mushroom_brown":2,"minecraft:grass_block":2,"iceandfire:pixie_house_oak":2,"minecraft:cobblestone":1,"minecraft:tall_seagrass":1,"minecraft:furnace":1,"iceandfire:pixie_house_mushroom_red":1,"minecraft:grass":5,"minecraft:coal_ore":1,"minecraft:sunflower":1,"iceandfire:pixie_house_spruce":1,"minecraft:dirt":4,"medieval_craft:tin_ingot":2,"minecraft:stone":20},"minecraft:custom":{"minecraft:interact_with_furnace":8,"minecraft:mob_kills":16,"minecraft:interact_with_crafting_table":6,"minecraft:play_one_minute":46884,"minecraft:leave_game":2,"minecraft:time_since_death":3090,"minecraft:time_since_rest":3918,"minecraft:sprint_one_cm":94421,"minecraft:damage_taken":1285,"minecraft:walk_one_cm":103650,"minecraft:drop":4,"minecraft:damage_dealt":1071,"minecraft:swim_one_cm":49064,"minecraft:fly_one_cm":145124,"minecraft:crouch_one_cm":8121,"minecraft:deaths":4,"minecraft:sneak_time":2844,"minecraft:walk_under_water_one_cm":11625,"minecraft:jump":759,"minecraft:walk_on_water_one_cm":19990,"minecraft:fall_one_cm":16574},"minecraft:used":{"minecraft:stone_pickaxe":18,"minecraft:oak_planks":36,"minecraft:wooden_pickaxe":12,"minecraft:cooked_salmon":1,"minecraft:cooked_chicken":3,"minecraft:rotten_flesh":2,"minecraft:salmon":7,"minecraft:torch":8,"minecraft:dirt":5,"minecraft:crafting_table":3,"minecraft:dark_oak_planks":32,"minecraft:stone_axe":34,"minecraft:furnace":1,"minecraft:egg":1},"minecraft:dropped":{"minecraft:salmon":2,"minecraft:wooden_axe":1,"minecraft:wooden_pickaxe":1},"minecraft:crafted":{"minecraft:oak_planks":48,"minecraft:crafting_table":2,"minecraft:wooden_pickaxe":1,"minecraft:cooked_chicken":3,"minecraft:furnace":1,"minecraft:cooked_salmon":1,"minecraft:birch_planks":32,"minecraft:stone_axe":1,"minecraft:air":0,"minecraft:stick":4,"minecraft:stone_pickaxe":1,"minecraft:wooden_axe":2,"minecraft:dark_oak_planks":32,"minecraft:torch":20},"minecraft:killed":{"minecraft:salmon":10,"minecraft:sheep":1,"minecraft:zombie":2,"minecraft:chicken":3}},"DataVersion":2586}