{"stats":{"minecraft:killed_by":{"minecraft:drowned":1},"minecraft:picked_up":{"minecraft:birch_log":7,"minecraft:stick":10,"minecraft:crafting_table":2,"minecraft:salmon":18,"minecraft:oak_log":1,"minecraft:ink_sac":1,"minecraft:spider_eye":1,"minecraft:string":2,"minecraft:dark_oak_log":23,"minecraft:dirt":31,"minecraft:rotten_flesh":5,"minecraft:apple":1,"minecraft:wheat_seeds":1,"minecraft:granite":7,"dynamictrees:birch_seed":1,"minecraft:rose_bush":1,"minecraft:gold_ingot":1,"minecraft:sugar_cane":17,"minecraft:cobblestone":37,"minecraft:furnace":1},"minecraft:mined":{"minecraft:seagrass":1,"minecraft:tall_seagrass":8,"minecraft:furnace":1,"minecraft:dark_oak_leaves":2,"minecraft:dark_oak_log":20,"minecraft:crafting_table":2,"minecraft:granite":7,"minecraft:grass":1,"minecraft:grass_block":9,"minecraft:oak_log":1,"minecraft:rose_bush":1,"minecraft:dirt":21,"minecraft:stone":37,"minecraft:sugar_cane":7,"minecraft:oak_leaves":4},"minecraft:custom":{"minecraft:time_since_rest":21943,"minecraft:interact_with_furnace":12,"minecraft:sprint_one_cm":64075,"minecraft:damage_taken":540,"minecraft:walk_one_cm":45522,"minecraft:mob_kills":30,"minecraft:damage_dealt":2277,"minecraft:swim_one_cm":32488,"minecraft:interact_with_crafting_table":5,"minecraft:fly_one_cm":284236,"minecraft:crouch_one_cm":1269,"minecraft:play_one_minute":35701,"minecraft:deaths":3,"minecraft:sneak_time":678,"minecraft:walk_under_water_one_cm":19446,"minecraft:jump":492,"minecraft:leave_game":3,"minecraft:walk_on_water_one_cm":23870,"minecraft:time_since_death":21894,"minecraft:fall_one_cm":4075},"minecraft:used":{"minecraft:wooden_axe":17,"minecraft:grass_block":44,"minecraft:stone_pickaxe":33,"minecraft:wooden_pickaxe":31,"minecraft:cooked_salmon":3,"minecraft:salmon":1,"minecraft:stone_axe":52,"minecraft:cobblestone":1,"minecraft:crafting_table":3,"minecraft:furnace":1,"minecraft:granite":5},"minecraft:crafted":{"minecraft:crafting_table":2,"minecraft:stick":8,"minecraft:wooden_pickaxe":1,"minecraft:stone_pickaxe":1,"minecraft:wooden_axe":1,"minecraft:cooked_salmon":9,"minecraft:furnace":1,"minecraft:dark_oak_planks":56,"minecraft:stone_axe":1,"minecraft:air":0},"minecraft:killed":{"minecraft:zombie":3,"minecraft:salmon":20,"minecraft:spider":2,"iceandfire:pixie":1,"minecraft:drowned":3,"minecraft:squid":1}},"DataVersion":2586}