{"stats":{"minecraft:crafted":{"minecraft:oak_planks":16,"minecraft:crafting_table":1,"minecraft:stick":4,"minecraft:wooden_pickaxe":1},"minecraft:custom":{"minecraft:time_since_rest":3096,"minecraft:sprint_one_cm":33230,"minecraft:walk_one_cm":29412,"minecraft:mob_kills":10,"minecraft:drop":1,"minecraft:damage_dealt":2465,"minecraft:swim_one_cm":793,"minecraft:interact_with_crafting_table":1,"minecraft:fly_one_cm":266881,"minecraft:crouch_one_cm":119,"minecraft:play_one_minute":32661,"minecraft:deaths":2,"minecraft:sneak_time":280,"minecraft:walk_under_water_one_cm":292,"minecraft:jump":342,"minecraft:leave_game":5,"minecraft:walk_on_water_one_cm":224,"minecraft:time_since_death":3075,"minecraft:fall_one_cm":1463},"minecraft:killed":{"minecraft:sheep":2,"minecraft:cat":1,"minecraft:wolf":2,"guardvillagers:guard":3,"alexsmobs:sunbird":1,"minecraft:iron_golem":1},"minecraft:picked_up":{"iceandfire:dragonegg_black":1,"minecraft:oak_log":4,"minecraft:shield":1,"medieval_craft:creativesword":1,"minecraft:crossbow":1,"minecraft:iron_ingot":3,"minecraft:mutton":4,"minecraft:iron_sword":1,"minecraft:white_wool":3},"minecraft:mined":{"minecraft:grass":3,"minecraft:oak_log":4,"minecraft:oak_leaves":4},"minecraft:dropped":{"medieval_craft:creativesword":1},"minecraft:used":{"iceandfire:dragonegg_black":1,"alexsmobs:spawn_egg_sunbird":1,"medieval_craft:creativesword":7,"minecraft:cat_spawn_egg":7,"minecraft:crafting_table":1,"minecraft:wolf_spawn_egg":5,"alexsmobs:animal_dictionary":1}},"DataVersion":2586}