{"stats":{"minecraft:killed":{"minecraft:sheep":2,"minecraft:cat":1,"minecraft:iron_golem":1,"guardvillagers:guard":3,"minecraft:wolf":2,"alexsmobs:sunbird":1},"minecraft:used":{"iceandfire:dragonegg_black":1,"minecraft:wolf_spawn_egg":5,"alexsmobs:spawn_egg_sunbird":1,"alexsmobs:animal_dictionary":1,"medieval_craft:creativesword":7,"minecraft:cat_spawn_egg":7},"minecraft:picked_up":{"iceandfire:dragonegg_black":1,"medieval_craft:creativesword":1,"minecraft:iron_ingot":3,"minecraft:crossbow":1,"minecraft:shield":1,"minecraft:iron_sword":1,"minecraft:mutton":4,"minecraft:white_wool":3},"minecraft:dropped":{"medieval_craft:creativesword":1},"minecraft:mined":{"minecraft:grass":3},"minecraft:custom":{"minecraft:time_since_rest":81,"minecraft:crouch_one_cm":82,"minecraft:play_one_minute":29646,"minecraft:sprint_one_cm":32236,"minecraft:walk_one_cm":25575,"minecraft:deaths":2,"minecraft:sneak_time":97,"minecraft:walk_under_water_one_cm":292,"minecraft:mob_kills":10,"minecraft:drop":1,"minecraft:jump":325,"minecraft:damage_dealt":2465,"minecraft:leave_game":4,"minecraft:walk_on_water_one_cm":224,"minecraft:time_since_death":60,"minecraft:swim_one_cm":793,"minecraft:fall_one_cm":1254,"minecraft:fly_one_cm":264461}},"DataVersion":2586}