{"stats":{"minecraft:killed_by":{"minecraft:drowned":1,"alexsmobs:crocodile":2},"minecraft:picked_up":{"minecraft:wooden_axe":1,"minecraft:crafting_table":11,"minecraft:chicken":1,"iceandfire:pixie_house_oak":5,"minecraft:wooden_pickaxe":1,"minecraft:string":3,"dynamictrees:dark_oak_seed":2,"minecraft:beef":7,"minecraft:rose_bush":2,"dynamictrees:oak_seed":6,"minecraft:light_gray_wool":1,"minecraft:sugar_cane":17,"minecraft:furnace":9,"minecraft:stick":33,"minecraft:torch":12,"iceandfire:pixie_house_mushroom_brown":3,"minecraft:porkchop":4,"minecraft:diorite":17,"minecraft:redstone":55,"minecraft:rotten_flesh":31,"minecraft:gold_ingot":1,"minecraft:mutton":12,"minecraft:white_wool":6,"minecraft:cobblestone":600,"minecraft:birch_log":11,"minecraft:feather":6,"minecraft:salmon":20,"minecraft:andesite":32,"minecraft:leather":7,"minecraft:dark_oak_boat":1,"minecraft:red_mushroom":3,"minecraft:birch_planks":18,"minecraft:oak_log":29,"medieval_craft:tin_ingot":3,"minecraft:lapis_lazuli":28,"minecraft:dirt":70,"iceandfire:pixie_house_mushroom_red":1,"minecraft:apple":1,"minecraft:wheat_seeds":3,"minecraft:stone_pickaxe":1,"minecraft:iron_ingot":1,"dynamictrees:birch_seed":5,"quark:tallow":6,"minecraft:iron_ore":67,"minecraft:glass_bottle":2,"minecraft:oak_planks":16,"minecraft:ink_sac":1,"minecraft:lily_of_the_valley":3,"minecraft:gold_ore":7,"alexsmobs:animal_dictionary":2,"minecraft:dark_oak_log":23,"minecraft:spider_eye":2,"minecraft:diamond":19,"minecraft:stone_axe":1,"iceandfire:pixie_house_spruce":2,"minecraft:granite":28,"minecraft:gray_wool":1,"minecraft:coal":42},"minecraft:custom":{"minecraft:mob_kills":85,"minecraft:interact_with_crafting_table":29,"minecraft:leave_game":7,"minecraft:time_since_death":81592,"minecraft:sprint_one_cm":284128,"minecraft:walk_one_cm":260164,"minecraft:drop":36,"minecraft:deaths":6,"minecraft:sneak_time":6824,"minecraft:walk_under_water_one_cm":26474,"minecraft:boat_one_cm":16807,"minecraft:jump":3233,"minecraft:walk_on_water_one_cm":61160,"minecraft:interact_with_furnace":83,"minecraft:play_one_minute":164612,"minecraft:time_since_rest":81619,"minecraft:damage_taken":2878,"minecraft:damage_dealt":11300,"minecraft:player_kills":1,"minecraft:swim_one_cm":92287,"minecraft:fly_one_cm":655954,"minecraft:open_chest":2,"minecraft:crouch_one_cm":17887,"minecraft:fall_one_cm":65090},"minecraft:mined":{"minecraft:dark_oak_planks":1,"minecraft:diamond_ore":19,"minecraft:dark_oak_leaves":19,"minecraft:dark_oak_log":20,"minecraft:granite":32,"minecraft:grass_block":18,"iceandfire:pixie_house_oak":3,"minecraft:tall_seagrass":8,"dynamictrees:oak_leaves":4,"minecraft:redstone_ore":11,"minecraft:furnace":8,"dynamictrees:dark_oak_leaves":13,"minecraft:iron_ore":58,"minecraft:andesite":31,"iceandfire:pixie_house_spruce":1,"medieval_craft:tin_ingot":1,"minecraft:stone":573,"minecraft:lily_of_the_valley":3,"minecraft:crafting_table":10,"iceandfire:pixie_house_mushroom_brown":1,"minecraft:rose_bush":1,"minecraft:cobblestone":20,"minecraft:lapis_ore":4,"minecraft:sugar_cane":7,"minecraft:diorite":18,"minecraft:seagrass":2,"minecraft:birch_log":1,"minecraft:birch_leaves":11,"minecraft:grass":5,"minecraft:coal_ore":29,"minecraft:oak_log":12,"minecraft:dirt":47,"minecraft:sunflower":4,"minecraft:sand":1,"minecraft:red_mushroom_block":12,"minecraft:gold_ore":7,"minecraft:oak_leaves":7},"minecraft:used":{"dynamictrees:oak_seed":2,"minecraft:cooked_salmon":12,"minecraft:dirt":34,"minecraft:granite":15,"minecraft:dark_oak_planks":28,"minecraft:wooden_axe":36,"minecraft:grass_block":44,"minecraft:iron_axe":70,"minecraft:dark_oak_boat":1,"minecraft:furnace":9,"minecraft:cooked_beef":7,"minecraft:cooked_mutton":9,"minecraft:stone_pickaxe":214,"minecraft:wooden_pickaxe":61,"minecraft:salmon":2,"minecraft:crafting_table":12,"minecraft:diamond_pickaxe":333,"minecraft:apple":1,"minecraft:iron_pickaxe":250,"minecraft:stone_axe":177,"minecraft:cobblestone":150,"minecraft:cooked_porkchop":1,"alexsmobs:animal_dictionary":18},"minecraft:broken":{"minecraft:stone_pickaxe":1,"minecraft:iron_pickaxe":1},"minecraft:dropped":{"iceandfire:pixie_house_mushroom_red":1,"minecraft:wheat_seeds":1,"minecraft:poisonous_potato":4,"minecraft:feather":1,"minecraft:cobblestone":302,"minecraft:granite":11,"minecraft:dirt":30,"minecraft:diorite":17,"minecraft:ink_sac":1,"minecraft:wooden_axe":3,"minecraft:rose_bush":2,"minecraft:string":1,"minecraft:stone_axe":2,"dynamictrees:oak_seed":1,"minecraft:rotten_flesh":29,"minecraft:light_gray_wool":1,"minecraft:andesite":32,"minecraft:spider_eye":2,"minecraft:stone_pickaxe":2,"minecraft:wooden_pickaxe":3},"minecraft:crafted":{"minecraft:oak_planks":80,"minecraft:cooked_chicken":1,"minecraft:furnace":5,"minecraft:cooked_mutton":9,"minecraft:iron_boots":1,"minecraft:iron_axe":1,"minecraft:stone_pickaxe":4,"minecraft:dark_oak_planks":56,"minecraft:cooked_beef":7,"minecraft:cooked_porkchop":4,"minecraft:crafting_table":4,"minecraft:wooden_pickaxe":2,"minecraft:iron_helmet":1,"minecraft:cooked_salmon":13,"minecraft:bucket":1,"minecraft:stone_axe":3,"minecraft:air":0,"minecraft:iron_chestplate":1,"minecraft:diamond_pickaxe":1,"minecraft:white_dye":3,"minecraft:stick":36,"minecraft:iron_ingot":53,"minecraft:iron_pickaxe":1,"minecraft:wooden_axe":2,"minecraft:iron_leggings":1,"minecraft:gold_ingot":7},"minecraft:killed":{"minecraft:witch":1,"minecraft:spider":5,"alexsmobs:tasmanian_devil":1,"minecraft:chicken":1,"minecraft:drowned":4,"minecraft:pig":2,"minecraft:zombie_villager":1,"minecraft:salmon":20,"minecraft:squid":1,"minecraft:sheep":7,"minecraft:trader_llama":2,"alexsmobs:cockroach":1,"minecraft:zombie":32,"iceandfire:pixie":1,"minecraft:cow":5}},"DataVersion":2586}