{"stats":{"minecraft:killed_by":{"alexsmobs:crocodile":2,"minecraft:drowned":1},"minecraft:picked_up":{"minecraft:wooden_axe":1,"minecraft:birch_log":7,"minecraft:crafting_table":8,"minecraft:feather":6,"minecraft:chicken":1,"iceandfire:pixie_house_oak":5,"minecraft:salmon":20,"minecraft:leather":5,"minecraft:wooden_pickaxe":1,"minecraft:red_mushroom":3,"minecraft:birch_planks":18,"minecraft:oak_log":29,"medieval_craft:tin_ingot":3,"minecraft:dirt":49,"minecraft:string":2,"iceandfire:pixie_house_mushroom_red":1,"minecraft:apple":1,"minecraft:wheat_seeds":3,"dynamictrees:dark_oak_seed":2,"minecraft:beef":7,"minecraft:stone_pickaxe":1,"dynamictrees:birch_seed":3,"quark:tallow":6,"minecraft:rose_bush":2,"dynamictrees:oak_seed":6,"minecraft:light_gray_wool":1,"minecraft:sugar_cane":17,"minecraft:furnace":4,"minecraft:stick":26,"minecraft:torch":12,"iceandfire:pixie_house_mushroom_brown":3,"minecraft:porkchop":4,"minecraft:ink_sac":1,"minecraft:lily_of_the_valley":3,"minecraft:dark_oak_log":23,"minecraft:spider_eye":1,"alexsmobs:animal_dictionary":2,"minecraft:rotten_flesh":10,"minecraft:stone_axe":1,"iceandfire:pixie_house_spruce":2,"minecraft:granite":7,"minecraft:gray_wool":1,"minecraft:gold_ingot":1,"minecraft:mutton":12,"minecraft:coal":11,"minecraft:white_wool":6,"minecraft:cobblestone":83},"minecraft:custom":{"minecraft:interact_with_furnace":30,"minecraft:mob_kills":53,"minecraft:interact_with_crafting_table":14,"minecraft:play_one_minute":94674,"minecraft:leave_game":5,"minecraft:time_since_death":11654,"minecraft:time_since_rest":11681,"minecraft:sprint_one_cm":197502,"minecraft:damage_taken":1865,"minecraft:walk_one_cm":123008,"minecraft:drop":13,"minecraft:damage_dealt":5269,"minecraft:swim_one_cm":81798,"minecraft:fly_one_cm":557451,"minecraft:player_kills":1,"minecraft:crouch_one_cm":10780,"minecraft:deaths":6,"minecraft:sneak_time":3957,"minecraft:walk_under_water_one_cm":24536,"minecraft:jump":2376,"minecraft:walk_on_water_one_cm":57206,"minecraft:fall_one_cm":47384},"minecraft:mined":{"minecraft:dark_oak_planks":1,"minecraft:dark_oak_leaves":2,"minecraft:lily_of_the_valley":3,"minecraft:dark_oak_log":20,"minecraft:crafting_table":7,"minecraft:granite":7,"iceandfire:pixie_house_mushroom_brown":1,"minecraft:grass_block":15,"minecraft:rose_bush":1,"iceandfire:pixie_house_oak":3,"minecraft:cobblestone":1,"minecraft:sugar_cane":7,"dynamictrees:oak_leaves":4,"minecraft:seagrass":2,"minecraft:tall_seagrass":8,"minecraft:furnace":3,"dynamictrees:dark_oak_leaves":13,"minecraft:birch_leaves":6,"minecraft:grass":5,"minecraft:oak_log":12,"minecraft:coal_ore":10,"minecraft:sunflower":2,"minecraft:sand":1,"iceandfire:pixie_house_spruce":1,"minecraft:dirt":29,"medieval_craft:tin_ingot":1,"minecraft:red_mushroom_block":12,"minecraft:stone":65,"minecraft:oak_leaves":6},"minecraft:used":{"minecraft:cooked_mutton":3,"minecraft:stone_pickaxe":56,"minecraft:wooden_pickaxe":61,"dynamictrees:oak_seed":2,"minecraft:cooked_salmon":12,"minecraft:salmon":2,"minecraft:dirt":34,"minecraft:crafting_table":8,"minecraft:granite":5,"minecraft:wooden_axe":36,"minecraft:dark_oak_planks":28,"minecraft:apple":1,"minecraft:grass_block":44,"minecraft:stone_axe":116,"minecraft:cobblestone":22,"minecraft:furnace":4,"alexsmobs:animal_dictionary":10,"minecraft:cooked_beef":2},"minecraft:crafted":{"minecraft:oak_planks":80,"minecraft:crafting_table":3,"minecraft:wooden_pickaxe":2,"minecraft:furnace":2,"minecraft:cooked_salmon":13,"minecraft:stone_axe":3,"minecraft:cooked_mutton":9,"minecraft:air":0,"minecraft:white_dye":3,"minecraft:stick":20,"minecraft:stone_pickaxe":2,"minecraft:wooden_axe":2,"minecraft:dark_oak_planks":56,"minecraft:cooked_beef":7},"minecraft:dropped":{"minecraft:stone_axe":1,"iceandfire:pixie_house_mushroom_red":1,"dynamictrees:oak_seed":1,"minecraft:cobblestone":11,"minecraft:rotten_flesh":8,"minecraft:ink_sac":1,"minecraft:wooden_axe":2,"minecraft:rose_bush":2,"minecraft:spider_eye":1,"minecraft:wooden_pickaxe":2},"minecraft:killed":{"minecraft:pig":2,"minecraft:zombie_villager":1,"minecraft:salmon":20,"minecraft:spider":4,"alexsmobs:tasmanian_devil":1,"minecraft:squid":1,"minecraft:sheep":7,"minecraft:zombie":6,"minecraft:chicken":1,"minecraft:drowned":4,"iceandfire:pixie":1,"minecraft:cow":5}},"DataVersion":2586}