{"stats":{"minecraft:used":{"minecraft:grass_block":44},"minecraft:picked_up":{"minecraft:wheat_seeds":1},"minecraft:killed":{"iceandfire:pixie":1},"minecraft:custom":{"minecraft:jump":255,"minecraft:time_since_rest":165,"minecraft:damage_dealt":188,"minecraft:play_one_minute":11778,"minecraft:leave_game":1,"minecraft:deaths":1,"minecraft:sprint_one_cm":28102,"minecraft:walk_on_water_one_cm":1571,"minecraft:time_since_death":126,"minecraft:walk_one_cm":7166,"minecraft:sneak_time":145,"minecraft:walk_under_water_one_cm":11604,"minecraft:mob_kills":1,"minecraft:swim_one_cm":1842,"minecraft:fly_one_cm":252053}},"DataVersion":2586}