{"stats":{"minecraft:killed_by":{"alexsmobs:crocodile":2,"minecraft:drowned":1},"minecraft:picked_up":{"minecraft:wooden_axe":1,"minecraft:birch_log":7,"minecraft:crafting_table":5,"minecraft:feather":5,"iceandfire:pixie_house_oak":5,"minecraft:salmon":20,"minecraft:leather":2,"minecraft:wooden_pickaxe":1,"minecraft:red_mushroom":3,"minecraft:birch_planks":18,"minecraft:oak_log":18,"medieval_craft:tin_ingot":3,"minecraft:dirt":40,"minecraft:string":2,"iceandfire:pixie_house_mushroom_red":1,"minecraft:apple":1,"minecraft:wheat_seeds":2,"dynamictrees:dark_oak_seed":2,"minecraft:stone_pickaxe":1,"dynamictrees:birch_seed":3,"minecraft:rose_bush":2,"dynamictrees:oak_seed":6,"minecraft:sugar_cane":17,"minecraft:furnace":4,"minecraft:stick":26,"minecraft:torch":12,"iceandfire:pixie_house_mushroom_brown":3,"minecraft:ink_sac":1,"minecraft:dark_oak_log":23,"minecraft:spider_eye":1,"alexsmobs:animal_dictionary":2,"minecraft:rotten_flesh":10,"minecraft:stone_axe":1,"iceandfire:pixie_house_spruce":2,"minecraft:granite":7,"minecraft:gray_wool":1,"minecraft:gold_ingot":1,"minecraft:mutton":4,"minecraft:coal":11,"minecraft:white_wool":3,"minecraft:cobblestone":64},"minecraft:custom":{"minecraft:interact_with_furnace":21,"minecraft:mob_kills":42,"minecraft:interact_with_crafting_table":9,"minecraft:play_one_minute":82674,"minecraft:leave_game":5,"minecraft:time_since_death":18880,"minecraft:time_since_rest":18906,"minecraft:sprint_one_cm":165687,"minecraft:damage_taken":1605,"minecraft:walk_one_cm":107560,"minecraft:drop":13,"minecraft:damage_dealt":4301,"minecraft:swim_one_cm":80206,"minecraft:fly_one_cm":519180,"minecraft:player_kills":1,"minecraft:crouch_one_cm":10780,"minecraft:deaths":5,"minecraft:sneak_time":3957,"minecraft:walk_under_water_one_cm":24471,"minecraft:jump":2153,"minecraft:walk_on_water_one_cm":56386,"minecraft:fall_one_cm":42198},"minecraft:mined":{"minecraft:dark_oak_planks":1,"minecraft:dark_oak_leaves":2,"minecraft:dark_oak_log":20,"minecraft:crafting_table":4,"minecraft:granite":7,"iceandfire:pixie_house_mushroom_brown":1,"minecraft:grass_block":11,"minecraft:rose_bush":1,"iceandfire:pixie_house_oak":3,"minecraft:cobblestone":1,"minecraft:sugar_cane":7,"minecraft:seagrass":1,"minecraft:tall_seagrass":8,"minecraft:furnace":3,"dynamictrees:dark_oak_leaves":13,"minecraft:birch_leaves":6,"minecraft:grass":2,"minecraft:oak_log":1,"minecraft:coal_ore":10,"iceandfire:pixie_house_spruce":1,"minecraft:dirt":23,"medieval_craft:tin_ingot":1,"minecraft:red_mushroom_block":12,"minecraft:stone":46,"minecraft:oak_leaves":6},"minecraft:used":{"minecraft:cooked_mutton":3,"minecraft:stone_pickaxe":56,"minecraft:wooden_pickaxe":31,"dynamictrees:oak_seed":2,"minecraft:cooked_salmon":12,"minecraft:salmon":2,"minecraft:dirt":29,"minecraft:crafting_table":5,"minecraft:granite":5,"minecraft:wooden_axe":17,"minecraft:dark_oak_planks":28,"minecraft:apple":1,"minecraft:grass_block":44,"minecraft:stone_axe":115,"minecraft:cobblestone":22,"minecraft:furnace":3,"alexsmobs:animal_dictionary":6},"minecraft:crafted":{"minecraft:oak_planks":36,"minecraft:crafting_table":2,"minecraft:wooden_pickaxe":1,"minecraft:furnace":1,"minecraft:cooked_salmon":13,"minecraft:stone_axe":2,"minecraft:cooked_mutton":3,"minecraft:air":0,"minecraft:stick":12,"minecraft:stone_pickaxe":1,"minecraft:wooden_axe":1,"minecraft:dark_oak_planks":56},"minecraft:dropped":{"minecraft:stone_axe":1,"iceandfire:pixie_house_mushroom_red":1,"dynamictrees:oak_seed":1,"minecraft:cobblestone":11,"minecraft:rotten_flesh":8,"minecraft:ink_sac":1,"minecraft:wooden_axe":2,"minecraft:rose_bush":2,"minecraft:spider_eye":1,"minecraft:wooden_pickaxe":2},"minecraft:killed":{"minecraft:zombie_villager":1,"minecraft:salmon":20,"minecraft:spider":4,"alexsmobs:tasmanian_devil":1,"minecraft:squid":1,"minecraft:sheep":3,"minecraft:zombie":6,"minecraft:drowned":4,"iceandfire:pixie":1,"minecraft:cow":1}},"DataVersion":2586}