{"stats":{"minecraft:killed_by":{"minecraft:drowned":1,"alexsmobs:crocodile":2},"minecraft:picked_up":{"minecraft:wooden_axe":1,"minecraft:crafting_table":12,"minecraft:birch_door":3,"minecraft:chicken":1,"iceandfire:pixie_house_oak":5,"minecraft:wooden_pickaxe":1,"minecraft:string":3,"dynamictrees:dark_oak_seed":2,"minecraft:beef":7,"minecraft:rose_bush":2,"dynamictrees:oak_seed":7,"minecraft:light_gray_wool":1,"minecraft:sugar_cane":17,"minecraft:furnace":9,"minecraft:stick":34,"minecraft:sandstone":1,"minecraft:torch":12,"iceandfire:pixie_house_mushroom_brown":3,"minecraft:porkchop":4,"minecraft:diorite":17,"minecraft:redstone":55,"minecraft:rotten_flesh":32,"minecraft:gold_ingot":1,"minecraft:mutton":12,"minecraft:white_wool":6,"minecraft:cobblestone":631,"minecraft:birch_log":13,"minecraft:feather":6,"minecraft:andesite":84,"minecraft:salmon":20,"minecraft:leather":7,"minecraft:dark_oak_boat":1,"minecraft:red_mushroom":3,"minecraft:birch_planks":18,"minecraft:flint":1,"minecraft:oak_log":29,"medieval_craft:tin_ingot":3,"minecraft:lapis_lazuli":28,"minecraft:dirt":71,"iceandfire:pixie_house_mushroom_red":1,"minecraft:apple":1,"minecraft:wheat_seeds":3,"dynamictrees:birch_seed":10,"minecraft:iron_ingot":1,"minecraft:stone_pickaxe":2,"quark:tallow":6,"minecraft:iron_ore":67,"minecraft:glass_bottle":2,"minecraft:oak_planks":16,"minecraft:gravel":9,"minecraft:sand":7,"minecraft:ink_sac":1,"minecraft:white_bed":1,"minecraft:lily_of_the_valley":3,"minecraft:gold_ore":7,"alexsmobs:animal_dictionary":2,"minecraft:dark_oak_log":23,"minecraft:spider_eye":2,"minecraft:diamond":22,"iceandfire:pixie_house_spruce":2,"minecraft:stone_axe":2,"minecraft:granite":28,"minecraft:gray_wool":1,"minecraft:coal":42,"minecraft:sunflower":2},"minecraft:custom":{"minecraft:mob_kills":89,"minecraft:interact_with_crafting_table":32,"minecraft:leave_game":8,"minecraft:time_since_death":2663,"minecraft:sprint_one_cm":356488,"minecraft:walk_one_cm":304662,"minecraft:drop":53,"minecraft:deaths":7,"minecraft:sneak_time":8091,"minecraft:walk_under_water_one_cm":53265,"minecraft:boat_one_cm":27749,"minecraft:jump":3904,"minecraft:walk_on_water_one_cm":81054,"minecraft:interact_with_furnace":83,"minecraft:play_one_minute":199345,"minecraft:sleep_in_bed":2,"minecraft:time_since_rest":2690,"minecraft:damage_taken":3547,"minecraft:damage_dealt":12219,"minecraft:swim_one_cm":112789,"minecraft:fly_one_cm":793504,"minecraft:player_kills":1,"minecraft:open_chest":6,"minecraft:crouch_one_cm":19151,"minecraft:fall_one_cm":89292},"minecraft:mined":{"minecraft:dark_oak_planks":1,"minecraft:diamond_ore":19,"minecraft:white_bed":1,"minecraft:dark_oak_leaves":19,"minecraft:dark_oak_log":20,"minecraft:granite":32,"minecraft:grass_block":19,"iceandfire:pixie_house_oak":3,"dynamictrees:oak_leaves":4,"minecraft:tall_seagrass":8,"minecraft:redstone_ore":11,"minecraft:furnace":8,"dynamictrees:dark_oak_leaves":13,"minecraft:iron_ore":58,"minecraft:andesite":31,"iceandfire:pixie_house_spruce":1,"medieval_craft:tin_ingot":1,"minecraft:stone":573,"minecraft:lily_of_the_valley":3,"minecraft:crafting_table":11,"iceandfire:pixie_house_mushroom_brown":1,"minecraft:rose_bush":1,"minecraft:cobblestone":20,"minecraft:lapis_ore":4,"minecraft:sugar_cane":7,"minecraft:diorite":18,"minecraft:seagrass":2,"minecraft:birch_log":3,"minecraft:birch_leaves":11,"minecraft:birch_door":2,"minecraft:grass":8,"minecraft:oak_log":12,"minecraft:coal_ore":29,"minecraft:sunflower":8,"minecraft:gravel":23,"minecraft:sand":7,"minecraft:dirt":47,"minecraft:red_mushroom_block":12,"minecraft:gold_ore":7,"minecraft:oak_leaves":21},"minecraft:used":{"minecraft:iron_shovel":33,"dynamictrees:oak_seed":2,"minecraft:cooked_salmon":16,"minecraft:rotten_flesh":1,"minecraft:dirt":35,"minecraft:granite":15,"minecraft:birch_door":6,"minecraft:dark_oak_planks":28,"minecraft:wooden_axe":36,"minecraft:iron_axe":119,"minecraft:grass_block":44,"minecraft:dark_oak_boat":1,"minecraft:furnace":9,"minecraft:cooked_beef":7,"minecraft:cooked_mutton":9,"minecraft:water_bucket":3,"minecraft:stone_pickaxe":214,"minecraft:glass_bottle":4,"minecraft:wooden_pickaxe":61,"minecraft:salmon":2,"minecraft:crafting_table":14,"minecraft:white_bed":1,"minecraft:diamond_pickaxe":334,"minecraft:apple":1,"minecraft:iron_pickaxe":250,"minecraft:gravel":1,"minecraft:stone_axe":177,"minecraft:cobblestone":204,"minecraft:potion":4,"minecraft:cooked_porkchop":4,"minecraft:bucket":4,"minecraft:end_portal_frame":15,"alexsmobs:animal_dictionary":19},"minecraft:broken":{"minecraft:stone_pickaxe":1,"minecraft:iron_pickaxe":1},"minecraft:dropped":{"iceandfire:pixie_house_mushroom_red":1,"minecraft:wheat_seeds":1,"minecraft:diamond":6,"minecraft:poisonous_potato":4,"minecraft:feather":3,"minecraft:cobblestone":343,"minecraft:granite":11,"minecraft:flint":1,"minecraft:dirt":30,"minecraft:diorite":17,"minecraft:ink_sac":1,"minecraft:wooden_axe":3,"minecraft:rose_bush":2,"minecraft:string":1,"minecraft:gravel":8,"minecraft:stone_axe":3,"dynamictrees:oak_seed":1,"minecraft:rotten_flesh":29,"minecraft:light_gray_wool":1,"minecraft:oak_planks":1,"minecraft:filled_map":1,"minecraft:andesite":84,"minecraft:spider_eye":2,"minecraft:wooden_pickaxe":3,"minecraft:sandstone":1,"minecraft:stone_pickaxe":3},"minecraft:crafted":{"minecraft:oak_planks":80,"minecraft:cooked_chicken":1,"minecraft:furnace":5,"minecraft:cooked_mutton":9,"minecraft:iron_boots":1,"minecraft:iron_axe":1,"minecraft:stone_pickaxe":4,"minecraft:birch_door":3,"minecraft:dark_oak_planks":56,"minecraft:cooked_beef":7,"minecraft:cooked_porkchop":4,"minecraft:crafting_table":5,"minecraft:wooden_pickaxe":2,"minecraft:iron_helmet":1,"minecraft:cooked_salmon":13,"minecraft:bucket":1,"minecraft:birch_planks":16,"minecraft:stone_axe":3,"minecraft:air":0,"minecraft:iron_chestplate":1,"minecraft:diamond_pickaxe":1,"minecraft:white_dye":3,"minecraft:stick":36,"minecraft:iron_pickaxe":1,"minecraft:iron_ingot":53,"minecraft:wooden_axe":2,"minecraft:iron_leggings":1,"minecraft:iron_shovel":1,"minecraft:gold_ingot":7,"minecraft:white_bed":1},"minecraft:killed":{"minecraft:witch":1,"minecraft:spider":6,"alexsmobs:tasmanian_devil":1,"minecraft:chicken":1,"minecraft:drowned":6,"minecraft:pig":2,"minecraft:zombie_villager":1,"minecraft:salmon":20,"minecraft:squid":1,"minecraft:sheep":7,"minecraft:trader_llama":2,"minecraft:zombie":34,"alexsmobs:cockroach":1,"iceandfire:pixie":1,"minecraft:cow":5}},"DataVersion":2586}