{"stats":{"minecraft:killed_by":{"minecraft:drowned":1},"minecraft:picked_up":{"minecraft:crafting_table":1,"minecraft:salmon":10,"minecraft:oak_log":1,"minecraft:dark_oak_log":23,"minecraft:dirt":29,"minecraft:rotten_flesh":1,"minecraft:apple":1,"minecraft:wheat_seeds":1,"minecraft:granite":7,"minecraft:gold_ingot":1,"minecraft:cobblestone":37},"minecraft:mined":{"minecraft:tall_seagrass":2,"minecraft:dark_oak_leaves":2,"minecraft:dark_oak_log":20,"minecraft:crafting_table":1,"minecraft:granite":7,"minecraft:grass_block":8,"minecraft:oak_log":1,"minecraft:dirt":21,"minecraft:stone":37},"minecraft:custom":{"minecraft:time_since_rest":9943,"minecraft:sprint_one_cm":43002,"minecraft:damage_taken":300,"minecraft:walk_one_cm":27283,"minecraft:mob_kills":13,"minecraft:damage_dealt":887,"minecraft:swim_one_cm":12015,"minecraft:interact_with_crafting_table":2,"minecraft:fly_one_cm":265055,"minecraft:crouch_one_cm":318,"minecraft:play_one_minute":23701,"minecraft:deaths":3,"minecraft:sneak_time":352,"minecraft:walk_under_water_one_cm":16231,"minecraft:jump":343,"minecraft:leave_game":3,"minecraft:walk_on_water_one_cm":11175,"minecraft:time_since_death":9894,"minecraft:fall_one_cm":1254},"minecraft:used":{"minecraft:wooden_axe":17,"minecraft:grass_block":44,"minecraft:stone_pickaxe":32,"minecraft:wooden_pickaxe":31,"minecraft:stone_axe":12,"minecraft:crafting_table":2},"minecraft:crafted":{"minecraft:crafting_table":1,"minecraft:stick":8,"minecraft:wooden_pickaxe":1,"minecraft:stone_pickaxe":1,"minecraft:wooden_axe":1,"minecraft:dark_oak_planks":24,"minecraft:stone_axe":1},"minecraft:killed":{"minecraft:salmon":10,"iceandfire:pixie":1,"minecraft:drowned":2}},"DataVersion":2586}