{"stats":{"minecraft:killed_by":{"minecraft:drowned":1,"alexsmobs:crocodile":2},"minecraft:picked_up":{"minecraft:wooden_axe":1,"minecraft:crafting_table":12,"minecraft:birch_door":3,"minecraft:creeper_head":3,"minecraft:chicken":14,"iceandfire:pixie_house_oak":5,"minecraft:wooden_pickaxe":1,"minecraft:string":8,"dynamictrees:dark_oak_seed":2,"minecraft:beef":18,"minecraft:rose_bush":2,"dynamictrees:oak_seed":7,"minecraft:light_gray_wool":1,"minecraft:sugar_cane":17,"minecraft:egg":22,"minecraft:furnace":9,"iceandfire:pixie_dust":3,"minecraft:end_stone":15,"minecraft:stick":34,"minecraft:sandstone":1,"minecraft:torch":18,"iceandfire:pixie_house_mushroom_brown":3,"minecraft:porkchop":19,"minecraft:diorite":17,"minecraft:redstone":55,"alexsmobs:centipede_leg":2,"minecraft:rotten_flesh":81,"minecraft:gold_ingot":1,"minecraft:obsidian":40,"minecraft:mutton":40,"minecraft:iron_bars":21,"minecraft:white_wool":27,"minecraft:cobblestone":631,"minecraft:birch_log":13,"minecraft:feather":149,"minecraft:andesite":84,"minecraft:salmon":49,"minecraft:leather":15,"minecraft:dark_oak_boat":1,"minecraft:red_mushroom":3,"minecraft:birch_planks":18,"minecraft:flint":1,"minecraft:oak_log":29,"iceandfire:dragonegg_sapphire":4,"medieval_craft:tin_ingot":3,"minecraft:lapis_lazuli":28,"minecraft:dirt":74,"iceandfire:pixie_house_mushroom_red":1,"minecraft:apple":1,"minecraft:wheat_seeds":3,"alexsmobs:cockroach_wing_fragment":18,"dynamictrees:birch_seed":10,"minecraft:iron_ingot":1,"minecraft:stone_pickaxe":2,"quark:tallow":53,"minecraft:iron_ore":67,"minecraft:glass_bottle":2,"wyrmroost:raw_common_meat":27,"minecraft:oak_planks":16,"minecraft:soul_sand":1,"minecraft:gravel":9,"minecraft:sand":7,"minecraft:ink_sac":29,"minecraft:white_bed":1,"minecraft:lily_of_the_valley":3,"minecraft:gold_ore":7,"alexsmobs:animal_dictionary":2,"minecraft:dark_oak_log":23,"minecraft:spider_eye":2,"minecraft:diamond":22,"iceandfire:pixie_house_spruce":2,"minecraft:stone_axe":2,"minecraft:granite":28,"minecraft:bone_meal":5,"minecraft:gray_wool":10,"minecraft:emerald":2,"minecraft:coal":42,"minecraft:nether_star":1,"quark:diamond_heart":1,"minecraft:sunflower":2},"minecraft:custom":{"minecraft:mob_kills":257,"minecraft:interact_with_crafting_table":32,"minecraft:leave_game":9,"minecraft:time_since_death":22974,"minecraft:sprint_one_cm":386756,"minecraft:walk_one_cm":350526,"minecraft:drop":53,"minecraft:deaths":7,"minecraft:sneak_time":8586,"minecraft:walk_under_water_one_cm":53265,"minecraft:boat_one_cm":27749,"minecraft:jump":4079,"minecraft:walk_on_water_one_cm":81054,"minecraft:interact_with_furnace":83,"minecraft:play_one_minute":219974,"minecraft:sleep_in_bed":2,"minecraft:time_since_rest":23319,"minecraft:damage_taken":3547,"minecraft:damage_dealt":14094,"minecraft:swim_one_cm":112789,"minecraft:fly_one_cm":1071440,"minecraft:player_kills":1,"minecraft:open_chest":6,"minecraft:crouch_one_cm":19893,"minecraft:fall_one_cm":89292},"minecraft:mined":{"minecraft:dark_oak_planks":1,"minecraft:diamond_ore":19,"minecraft:white_bed":1,"minecraft:dark_oak_leaves":19,"minecraft:dark_oak_log":20,"minecraft:granite":32,"minecraft:grass_block":19,"iceandfire:pixie_house_oak":3,"dynamictrees:oak_leaves":4,"minecraft:tall_seagrass":8,"minecraft:redstone_ore":11,"minecraft:furnace":8,"dynamictrees:dark_oak_leaves":13,"minecraft:iron_ore":58,"minecraft:andesite":31,"iceandfire:pixie_house_spruce":1,"medieval_craft:tin_ingot":1,"minecraft:stone":573,"minecraft:lily_of_the_valley":3,"minecraft:crafting_table":11,"iceandfire:pixie_house_mushroom_brown":1,"minecraft:rose_bush":1,"minecraft:cobblestone":20,"minecraft:lapis_ore":4,"minecraft:sugar_cane":7,"minecraft:diorite":18,"minecraft:seagrass":2,"minecraft:birch_log":3,"minecraft:birch_leaves":11,"minecraft:birch_door":2,"minecraft:grass":8,"minecraft:oak_log":12,"minecraft:coal_ore":29,"minecraft:sunflower":8,"minecraft:gravel":23,"minecraft:sand":7,"minecraft:dirt":47,"minecraft:red_mushroom_block":12,"minecraft:gold_ore":7,"minecraft:oak_leaves":21},"minecraft:used":{"minecraft:iron_shovel":33,"wyrmroost:dragon_fruit_drake_spawn_egg":1,"wyrmroost:alpine_spawn_egg":136,"dynamictrees:oak_seed":2,"minecraft:cooked_salmon":16,"minecraft:rotten_flesh":1,"minecraft:netherrack":4,"minecraft:soul_sand":4,"minecraft:dirt":35,"wrd:corrupted_skeleton_spawn_egg":12,"wrd:ancient_guard_ling_spawn_egg":14,"iceandfire:dragonegg_sapphire":4,"minecraft:granite":15,"alexsmobs:spawn_egg_komodo_dragon":6,"minecraft:birch_door":6,"minecraft:dark_oak_planks":28,"minecraft:wooden_axe":36,"minecraft:iron_axe":119,"minecraft:grass_block":44,"iceandfire:spawn_egg_lightning_dragon":40,"minecraft:dark_oak_boat":1,"minecraft:furnace":9,"minecraft:cooked_beef":7,"minecraft:cooked_mutton":9,"minecraft:water_bucket":3,"minecraft:wither_skeleton_skull":4,"minecraft:stone_pickaxe":214,"minecraft:glass_bottle":4,"minecraft:ender_pearl":8,"alexsmobs:spawn_egg_sunbird":11,"minecraft:wooden_pickaxe":61,"medieval_craft:creativesword":3,"minecraft:salmon":2,"minecraft:tnt":89,"minecraft:crafting_table":14,"minecraft:white_bed":1,"minecraft:ender_eye":24,"minecraft:diamond_pickaxe":334,"minecraft:apple":1,"minecraft:iron_pickaxe":250,"minecraft:gravel":1,"medieval_craft:brass_sword":41,"minecraft:stone_axe":177,"minecraft:cobblestone":204,"minecraft:potion":4,"minecraft:cooked_porkchop":4,"minecraft:bucket":4,"minecraft:end_portal_frame":28,"alexsmobs:animal_dictionary":19},"minecraft:broken":{"minecraft:stone_pickaxe":1,"minecraft:iron_pickaxe":1},"minecraft:dropped":{"iceandfire:pixie_house_mushroom_red":1,"minecraft:wheat_seeds":1,"minecraft:diamond":6,"minecraft:poisonous_potato":4,"minecraft:feather":3,"minecraft:cobblestone":343,"minecraft:granite":11,"minecraft:flint":1,"minecraft:dirt":30,"minecraft:diorite":17,"minecraft:ink_sac":1,"minecraft:wooden_axe":3,"minecraft:rose_bush":2,"minecraft:string":1,"minecraft:gravel":8,"minecraft:stone_axe":3,"dynamictrees:oak_seed":1,"minecraft:rotten_flesh":29,"minecraft:light_gray_wool":1,"minecraft:oak_planks":1,"minecraft:filled_map":1,"minecraft:andesite":84,"minecraft:spider_eye":2,"minecraft:wooden_pickaxe":3,"minecraft:sandstone":1,"minecraft:stone_pickaxe":3},"minecraft:crafted":{"minecraft:oak_planks":80,"minecraft:cooked_chicken":1,"minecraft:furnace":5,"minecraft:cooked_mutton":9,"minecraft:iron_boots":1,"minecraft:iron_axe":1,"minecraft:stone_pickaxe":4,"minecraft:birch_door":3,"minecraft:dark_oak_planks":56,"minecraft:cooked_beef":7,"minecraft:cooked_porkchop":4,"minecraft:crafting_table":5,"minecraft:wooden_pickaxe":2,"minecraft:iron_helmet":1,"minecraft:cooked_salmon":13,"minecraft:bucket":1,"minecraft:birch_planks":16,"minecraft:stone_axe":3,"minecraft:air":0,"minecraft:iron_chestplate":1,"minecraft:diamond_pickaxe":1,"minecraft:white_dye":3,"minecraft:stick":36,"minecraft:iron_pickaxe":1,"minecraft:iron_ingot":53,"minecraft:wooden_axe":2,"minecraft:iron_leggings":1,"minecraft:iron_shovel":1,"minecraft:gold_ingot":7,"minecraft:white_bed":1},"minecraft:killed":{"minecraft:witch":2,"alexsmobs:raccoon":1,"iceandfire:gorgon":1,"minecraft:spider":13,"alexsmobs:tasmanian_devil":1,"minecraft:wither":1,"minecraft:bee":3,"minecraft:chicken":2,"wyrmroost:alpine":37,"alexsmobs:centipede_head":2,"minecraft:drowned":6,"minecraft:pig":3,"quark:stoneling":2,"minecraft:zombie_villager":1,"minecraft:salmon":20,"minecraft:ender_dragon":1,"minecraft:squid":1,"minecraft:sheep":8,"minecraft:trader_llama":2,"alexsmobs:crocodile":2,"minecraft:zombie":123,"alexsmobs:cockroach":7,"iceandfire:lightning_dragon":10,"iceandfire:pixie":2,"minecraft:cow":7}},"DataVersion":2586}