{"stats":{"minecraft:killed_by":{"alexsmobs:crocodile":2,"minecraft:drowned":1},"minecraft:picked_up":{"minecraft:wooden_axe":1,"minecraft:birch_log":7,"minecraft:crafting_table":10,"minecraft:feather":6,"minecraft:chicken":1,"iceandfire:pixie_house_oak":5,"minecraft:andesite":4,"minecraft:salmon":20,"minecraft:leather":5,"minecraft:wooden_pickaxe":1,"minecraft:red_mushroom":3,"minecraft:birch_planks":18,"minecraft:oak_log":29,"medieval_craft:tin_ingot":3,"minecraft:string":3,"minecraft:dirt":59,"iceandfire:pixie_house_mushroom_red":1,"minecraft:apple":1,"minecraft:wheat_seeds":3,"dynamictrees:dark_oak_seed":2,"minecraft:beef":7,"dynamictrees:birch_seed":3,"minecraft:stone_pickaxe":1,"quark:tallow":6,"minecraft:iron_ore":26,"minecraft:rose_bush":2,"dynamictrees:oak_seed":6,"minecraft:light_gray_wool":1,"minecraft:sugar_cane":17,"minecraft:oak_planks":12,"minecraft:furnace":5,"minecraft:stick":26,"minecraft:torch":12,"iceandfire:pixie_house_mushroom_brown":3,"minecraft:porkchop":4,"minecraft:gold_ore":7,"minecraft:ink_sac":1,"minecraft:lily_of_the_valley":3,"minecraft:redstone":4,"minecraft:dark_oak_log":23,"minecraft:spider_eye":2,"alexsmobs:animal_dictionary":2,"minecraft:rotten_flesh":20,"iceandfire:pixie_house_spruce":2,"minecraft:stone_axe":1,"minecraft:granite":8,"minecraft:gray_wool":1,"minecraft:gold_ingot":1,"minecraft:mutton":12,"minecraft:coal":11,"minecraft:white_wool":6,"minecraft:cobblestone":232},"minecraft:mined":{"minecraft:dark_oak_leaves":2,"minecraft:lily_of_the_valley":3,"minecraft:dark_oak_log":20,"minecraft:crafting_table":9,"minecraft:granite":9,"iceandfire:pixie_house_mushroom_brown":1,"minecraft:grass_block":15,"minecraft:rose_bush":1,"iceandfire:pixie_house_oak":3,"minecraft:cobblestone":11,"minecraft:sugar_cane":7,"minecraft:seagrass":2,"dynamictrees:oak_leaves":4,"minecraft:tall_seagrass":8,"minecraft:furnace":4,"dynamictrees:dark_oak_leaves":13,"minecraft:iron_ore":13,"minecraft:birch_leaves":6,"minecraft:andesite":4,"minecraft:grass":5,"minecraft:oak_log":12,"minecraft:coal_ore":11,"minecraft:sand":1,"iceandfire:pixie_house_spruce":1,"minecraft:sunflower":2,"minecraft:dirt":37,"medieval_craft:tin_ingot":1,"minecraft:red_mushroom_block":12,"minecraft:stone":192,"minecraft:gold_ore":7,"minecraft:oak_leaves":6,"minecraft:dark_oak_planks":1},"minecraft:custom":{"minecraft:interact_with_furnace":35,"minecraft:mob_kills":62,"minecraft:interact_with_crafting_table":20,"minecraft:play_one_minute":116612,"minecraft:leave_game":7,"minecraft:time_since_death":33592,"minecraft:time_since_rest":33619,"minecraft:sprint_one_cm":219581,"minecraft:damage_taken":2295,"minecraft:walk_one_cm":156587,"minecraft:drop":14,"minecraft:damage_dealt":6839,"minecraft:swim_one_cm":81798,"minecraft:fly_one_cm":565538,"minecraft:player_kills":1,"minecraft:crouch_one_cm":11438,"minecraft:deaths":6,"minecraft:sneak_time":4933,"minecraft:walk_under_water_one_cm":24536,"minecraft:jump":2514,"minecraft:walk_on_water_one_cm":57713,"minecraft:fall_one_cm":49391},"minecraft:used":{"minecraft:cooked_mutton":3,"minecraft:stone_pickaxe":214,"minecraft:wooden_pickaxe":61,"dynamictrees:oak_seed":2,"minecraft:cooked_salmon":12,"minecraft:salmon":2,"minecraft:dirt":34,"minecraft:crafting_table":11,"minecraft:granite":5,"minecraft:wooden_axe":36,"minecraft:dark_oak_planks":28,"minecraft:apple":1,"minecraft:grass_block":44,"minecraft:iron_pickaxe":15,"minecraft:stone_axe":144,"minecraft:cobblestone":39,"minecraft:furnace":5,"alexsmobs:animal_dictionary":18,"minecraft:cooked_beef":6},"minecraft:broken":{"minecraft:stone_pickaxe":1},"minecraft:dropped":{"minecraft:stone_axe":1,"iceandfire:pixie_house_mushroom_red":1,"dynamictrees:oak_seed":1,"minecraft:cobblestone":11,"minecraft:rotten_flesh":8,"minecraft:ink_sac":1,"minecraft:wooden_axe":2,"minecraft:rose_bush":2,"minecraft:spider_eye":1,"minecraft:wooden_pickaxe":2,"minecraft:stone_pickaxe":1},"minecraft:crafted":{"minecraft:cooked_beef":7,"minecraft:oak_planks":80,"minecraft:crafting_table":4,"minecraft:wooden_pickaxe":2,"minecraft:furnace":3,"minecraft:cooked_salmon":13,"minecraft:stone_axe":3,"minecraft:cooked_mutton":9,"minecraft:air":0,"minecraft:white_dye":3,"minecraft:stick":28,"minecraft:iron_pickaxe":1,"minecraft:iron_ingot":4,"minecraft:stone_pickaxe":4,"minecraft:wooden_axe":2,"minecraft:dark_oak_planks":56},"minecraft:killed":{"minecraft:pig":2,"minecraft:zombie_villager":1,"minecraft:salmon":20,"minecraft:spider":5,"alexsmobs:tasmanian_devil":1,"minecraft:squid":1,"minecraft:sheep":7,"minecraft:zombie":14,"minecraft:chicken":1,"minecraft:drowned":4,"iceandfire:pixie":1,"minecraft:cow":5}},"DataVersion":2586}