{"stats":{"minecraft:killed_by":{"minecraft:drowned":1},"minecraft:picked_up":{"minecraft:crafting_table":1,"minecraft:rotten_flesh":1,"minecraft:wheat_seeds":1,"minecraft:gold_ingot":1,"minecraft:oak_log":1,"minecraft:dark_oak_log":6},"minecraft:mined":{"minecraft:oak_log":1,"minecraft:dark_oak_log":6,"minecraft:crafting_table":1},"minecraft:custom":{"minecraft:time_since_rest":3645,"minecraft:crouch_one_cm":318,"minecraft:play_one_minute":17403,"minecraft:deaths":3,"minecraft:sprint_one_cm":37231,"minecraft:damage_taken":300,"minecraft:walk_one_cm":16021,"minecraft:sneak_time":330,"minecraft:walk_under_water_one_cm":12300,"minecraft:mob_kills":3,"minecraft:jump":315,"minecraft:damage_dealt":587,"minecraft:leave_game":3,"minecraft:walk_on_water_one_cm":3830,"minecraft:time_since_death":3596,"minecraft:swim_one_cm":2808,"minecraft:interact_with_crafting_table":1,"minecraft:fall_one_cm":1045,"minecraft:fly_one_cm":261553},"minecraft:used":{"minecraft:wooden_axe":7,"minecraft:crafting_table":1,"minecraft:grass_block":44},"minecraft:crafted":{"minecraft:dark_oak_planks":24,"minecraft:crafting_table":1,"minecraft:stick":4,"minecraft:wooden_pickaxe":1,"minecraft:wooden_axe":1},"minecraft:killed":{"minecraft:drowned":2,"iceandfire:pixie":1}},"DataVersion":2586}