{"stats":{"minecraft:killed_by":{"minecraft:drowned":1},"minecraft:picked_up":{"minecraft:wooden_axe":1,"minecraft:birch_log":7,"minecraft:stick":10,"minecraft:crafting_table":2,"minecraft:salmon":18,"minecraft:wooden_pickaxe":1,"minecraft:oak_log":1,"minecraft:ink_sac":1,"alexsmobs:animal_dictionary":1,"minecraft:spider_eye":1,"minecraft:string":2,"minecraft:dark_oak_log":23,"minecraft:dirt":32,"minecraft:rotten_flesh":6,"minecraft:apple":1,"minecraft:wheat_seeds":1,"minecraft:granite":7,"dynamictrees:birch_seed":3,"minecraft:rose_bush":1,"minecraft:gold_ingot":1,"minecraft:sugar_cane":17,"minecraft:cobblestone":38,"minecraft:furnace":1},"minecraft:mined":{"minecraft:seagrass":1,"minecraft:tall_seagrass":8,"minecraft:furnace":1,"minecraft:dark_oak_leaves":2,"minecraft:dark_oak_log":20,"minecraft:crafting_table":2,"minecraft:granite":7,"minecraft:grass":1,"minecraft:grass_block":9,"minecraft:oak_log":1,"minecraft:rose_bush":1,"minecraft:dirt":21,"minecraft:cobblestone":1,"minecraft:stone":37,"minecraft:sugar_cane":7,"minecraft:oak_leaves":4},"minecraft:custom":{"minecraft:time_since_rest":33943,"minecraft:interact_with_furnace":12,"minecraft:sprint_one_cm":76071,"minecraft:damage_taken":755,"minecraft:walk_one_cm":61723,"minecraft:mob_kills":34,"minecraft:damage_dealt":3105,"minecraft:swim_one_cm":39469,"minecraft:interact_with_crafting_table":6,"minecraft:fly_one_cm":320082,"minecraft:crouch_one_cm":1500,"minecraft:play_one_minute":47701,"minecraft:deaths":3,"minecraft:sneak_time":759,"minecraft:walk_under_water_one_cm":22926,"minecraft:jump":681,"minecraft:leave_game":3,"minecraft:walk_on_water_one_cm":33514,"minecraft:time_since_death":33894,"minecraft:fall_one_cm":10000},"minecraft:used":{"minecraft:wooden_axe":17,"minecraft:grass_block":44,"minecraft:stone_pickaxe":34,"minecraft:wooden_pickaxe":31,"minecraft:cooked_salmon":6,"minecraft:salmon":2,"minecraft:stone_axe":65,"minecraft:cobblestone":7,"minecraft:crafting_table":4,"minecraft:furnace":1,"alexsmobs:animal_dictionary":6,"minecraft:granite":5},"minecraft:crafted":{"minecraft:crafting_table":2,"minecraft:stick":12,"minecraft:wooden_pickaxe":1,"minecraft:stone_pickaxe":1,"minecraft:wooden_axe":1,"minecraft:cooked_salmon":9,"minecraft:furnace":1,"minecraft:dark_oak_planks":56,"minecraft:stone_axe":2,"minecraft:air":0},"minecraft:killed":{"minecraft:zombie":3,"minecraft:zombie_villager":1,"minecraft:salmon":20,"minecraft:spider":3,"iceandfire:pixie":1,"minecraft:drowned":4,"alexsmobs:tasmanian_devil":1,"minecraft:squid":1}},"DataVersion":2586}