{"stats":{"minecraft:killed_by":{"minecraft:drowned":1},"minecraft:picked_up":{"minecraft:rotten_flesh":2,"minecraft:oak_log":1,"minecraft:ink_sac":5,"minecraft:dark_oak_log":18},"minecraft:mined":{"minecraft:grass":1,"minecraft:oak_log":1,"minecraft:dark_oak_log":24},"minecraft:custom":{"minecraft:time_since_rest":10433,"minecraft:play_one_minute":23794,"minecraft:sprint_one_cm":5805,"minecraft:deaths":1,"minecraft:damage_taken":450,"minecraft:walk_one_cm":28129,"minecraft:walk_under_water_one_cm":92,"minecraft:mob_kills":1,"minecraft:drop":4,"minecraft:jump":104,"minecraft:damage_dealt":194,"minecraft:leave_game":2,"minecraft:walk_on_water_one_cm":6030,"minecraft:time_since_death":10407,"minecraft:fall_one_cm":627,"minecraft:fly_one_cm":6871},"minecraft:used":{"minecraft:rotten_flesh":2,"alexsmobs:animal_dictionary":2},"minecraft:dropped":{"minecraft:ink_sac":4},"minecraft:killed":{"minecraft:drowned":1}},"DataVersion":2586}