{"stats":{"minecraft:killed_by":{"minecraft:drowned":1},"minecraft:picked_up":{"minecraft:cooked_salmon":2,"minecraft:salmon":1,"minecraft:rotten_flesh":4,"dynamictrees:birch_seed":1,"minecraft:oak_log":11,"dynamictrees:oak_seed":8,"minecraft:ink_sac":5,"minecraft:string":2,"minecraft:dark_oak_log":23,"minecraft:dirt":19,"minecraft:stick":16},"minecraft:custom":{"minecraft:time_since_rest":22433,"minecraft:play_one_minute":35794,"minecraft:interact_with_furnace":3,"minecraft:sprint_one_cm":6434,"minecraft:deaths":1,"minecraft:damage_taken":660,"minecraft:walk_one_cm":45575,"minecraft:walk_under_water_one_cm":2764,"minecraft:mob_kills":1,"minecraft:drop":7,"minecraft:jump":183,"minecraft:damage_dealt":313,"minecraft:leave_game":2,"minecraft:walk_on_water_one_cm":13493,"minecraft:time_since_death":22407,"minecraft:swim_one_cm":15266,"minecraft:fall_one_cm":1622,"minecraft:fly_one_cm":8386},"minecraft:mined":{"minecraft:seagrass":1,"minecraft:grass":2,"minecraft:tall_seagrass":2,"minecraft:grass_block":4,"minecraft:oak_log":1,"minecraft:dirt":16,"minecraft:dark_oak_log":27,"minecraft:sugar_cane":1},"minecraft:used":{"minecraft:rotten_flesh":2,"minecraft:dirt":18,"alexsmobs:animal_dictionary":6,"minecraft:cooked_salmon":2},"minecraft:dropped":{"minecraft:ink_sac":5,"minecraft:cooked_salmon":2},"minecraft:crafted":{"minecraft:cooked_salmon":4,"minecraft:dark_oak_planks":92},"minecraft:killed":{"minecraft:drowned":1}},"DataVersion":2586}