{"stats":{"minecraft:killed_by":{"minecraft:player":1,"alexsmobs:crocodile":1,"alexsmobs:tasmanian_devil":1,"minecraft:zombie":6,"minecraft:drowned":1},"minecraft:picked_up":{"minecraft:salmon":6,"minecraft:andesite":41,"minecraft:wooden_pickaxe":1,"minecraft:oak_log":36,"minecraft:dirt":83,"minecraft:string":2,"minecraft:cooked_salmon":2,"minecraft:cooked_mutton":2,"minecraft:wheat_seeds":3,"minecraft:stone_pickaxe":1,"minecraft:oak_boat":1,"quark:tallow":6,"dynamictrees:birch_seed":1,"minecraft:iron_ore":19,"dynamictrees:oak_seed":15,"minecraft:oak_planks":18,"medieval_craft:copper_ore":4,"minecraft:stick":40,"minecraft:torch":18,"minecraft:gravel":1,"minecraft:porkchop":6,"minecraft:diorite":9,"minecraft:ink_sac":5,"minecraft:redstone":45,"minecraft:dark_oak_log":24,"alexsmobs:animal_dictionary":1,"minecraft:rotten_flesh":9,"minecraft:granite":13,"minecraft:oak_sapling":1,"minecraft:mutton":2,"minecraft:coal":35,"minecraft:white_wool":2,"minecraft:cobblestone":765,"minecraft:sunflower":3},"minecraft:mined":{"minecraft:dark_oak_log":28,"minecraft:dandelion":1,"medieval_craft:copper_ore":4,"minecraft:torch":2,"minecraft:granite":11,"minecraft:grass_block":35,"minecraft:cobblestone":15,"minecraft:tall_grass":4,"minecraft:sugar_cane":1,"minecraft:diorite":9,"minecraft:wall_torch":2,"minecraft:seagrass":1,"minecraft:tall_seagrass":3,"minecraft:redstone_ore":11,"minecraft:iron_ore":19,"minecraft:andesite":45,"minecraft:grass":16,"minecraft:oak_log":18,"minecraft:coal_ore":39,"minecraft:gravel":1,"minecraft:dirt":42,"minecraft:stone":669,"minecraft:oak_leaves":10},"minecraft:custom":{"minecraft:interact_with_furnace":19,"minecraft:mob_kills":5,"minecraft:interact_with_crafting_table":21,"minecraft:play_one_minute":136040,"minecraft:leave_game":4,"minecraft:time_since_death":0,"minecraft:time_since_rest":15,"minecraft:sprint_one_cm":114250,"minecraft:damage_taken":4263,"minecraft:walk_one_cm":384029,"minecraft:drop":26,"minecraft:damage_dealt":1237,"minecraft:swim_one_cm":117395,"minecraft:fly_one_cm":102821,"minecraft:deaths":13,"minecraft:walk_under_water_one_cm":20359,"minecraft:jump":1445,"minecraft:walk_on_water_one_cm":72834,"minecraft:fall_one_cm":29566},"minecraft:used":{"minecraft:cooked_mutton":3,"minecraft:stone_pickaxe":297,"minecraft:shield":2,"minecraft:wooden_pickaxe":46,"minecraft:cooked_salmon":4,"minecraft:rotten_flesh":3,"minecraft:torch":8,"minecraft:dirt":45,"minecraft:crafting_table":2,"minecraft:granite":1,"minecraft:dark_oak_planks":1,"minecraft:sunflower":2,"minecraft:iron_axe":2,"minecraft:iron_pickaxe":528,"minecraft:stone_axe":4,"minecraft:cobblestone":36,"minecraft:furnace":1,"minecraft:andesite":3,"alexsmobs:animal_dictionary":9},"minecraft:broken":{"minecraft:stone_pickaxe":2,"minecraft:iron_pickaxe":2},"minecraft:dropped":{"minecraft:wheat_seeds":1,"dynamictrees:oak_seed":1,"alexsmobs:animal_dictionary":1,"minecraft:cobblestone":1,"minecraft:rotten_flesh":1,"minecraft:cooked_mutton":1,"minecraft:salmon":1,"minecraft:stick":2,"minecraft:dirt":6,"minecraft:dark_oak_log":1,"minecraft:ink_sac":5,"minecraft:oak_sapling":1,"minecraft:oak_boat":1,"minecraft:cooked_salmon":2,"minecraft:sunflower":1},"minecraft:crafted":{"minecraft:oak_planks":68,"minecraft:crafting_table":3,"minecraft:wooden_pickaxe":4,"minecraft:furnace":1,"minecraft:cooked_salmon":4,"minecraft:stone_axe":1,"minecraft:cooked_mutton":4,"minecraft:shield":1,"minecraft:iron_axe":1,"minecraft:stick":20,"minecraft:iron_ingot":13,"minecraft:iron_pickaxe":3,"minecraft:stone_pickaxe":3,"minecraft:dark_oak_planks":92,"minecraft:torch":24},"minecraft:killed":{"minecraft:pig":1,"minecraft:sheep":1,"minecraft:zombie":1,"minecraft:drowned":1}},"DataVersion":2586}