{"stats":{"minecraft:killed_by":{"alexsmobs:crocodile":1,"minecraft:drowned":1,"alexsmobs:tasmanian_devil":1,"minecraft:zombie":2},"minecraft:picked_up":{"minecraft:stick":31,"minecraft:salmon":2,"minecraft:oak_log":19,"minecraft:ink_sac":5,"minecraft:dark_oak_log":23,"minecraft:dirt":51,"minecraft:string":2,"minecraft:cooked_salmon":2,"minecraft:rotten_flesh":9,"minecraft:wheat_seeds":1,"dynamictrees:birch_seed":1,"dynamictrees:oak_seed":13,"minecraft:cobblestone":11,"minecraft:sunflower":1},"minecraft:mined":{"minecraft:seagrass":1,"minecraft:tall_seagrass":2,"minecraft:dark_oak_log":27,"minecraft:grass":3,"minecraft:grass_block":16,"minecraft:oak_log":1,"minecraft:dirt":35,"minecraft:stone":11,"minecraft:sugar_cane":1},"minecraft:custom":{"minecraft:time_since_rest":186,"minecraft:sprint_one_cm":32061,"minecraft:interact_with_furnace":3,"minecraft:damage_taken":2077,"minecraft:walk_one_cm":133235,"minecraft:mob_kills":3,"minecraft:drop":17,"minecraft:damage_dealt":675,"minecraft:interact_with_crafting_table":3,"minecraft:swim_one_cm":104645,"minecraft:fly_one_cm":40917,"minecraft:play_one_minute":65794,"minecraft:deaths":6,"minecraft:walk_under_water_one_cm":9612,"minecraft:jump":589,"minecraft:leave_game":2,"minecraft:time_since_death":148,"minecraft:walk_on_water_one_cm":39905,"minecraft:fall_one_cm":10020},"minecraft:used":{"minecraft:dark_oak_planks":1,"minecraft:stone_pickaxe":12,"minecraft:wooden_pickaxe":16,"minecraft:cooked_salmon":4,"minecraft:rotten_flesh":3,"minecraft:stone_axe":4,"minecraft:dirt":28,"alexsmobs:animal_dictionary":6},"minecraft:crafted":{"minecraft:stone_pickaxe":1,"minecraft:wooden_pickaxe":1,"minecraft:cooked_salmon":4,"minecraft:dark_oak_planks":92,"minecraft:stone_axe":1},"minecraft:dropped":{"minecraft:dirt":5,"minecraft:wheat_seeds":1,"minecraft:ink_sac":5,"alexsmobs:animal_dictionary":1,"minecraft:cooked_salmon":2,"minecraft:rotten_flesh":1,"minecraft:sunflower":1,"minecraft:salmon":1},"minecraft:killed":{"minecraft:zombie":1,"minecraft:drowned":1}},"DataVersion":2586}