{"stats":{"minecraft:killed_by":{"minecraft:drowned":1},"minecraft:picked_up":{"minecraft:rotten_flesh":2,"minecraft:oak_log":1,"minecraft:ink_sac":5,"minecraft:dark_oak_log":4},"minecraft:mined":{"minecraft:oak_log":1,"minecraft:dark_oak_log":4},"minecraft:custom":{"minecraft:time_since_rest":6160,"minecraft:play_one_minute":19521,"minecraft:deaths":1,"minecraft:sprint_one_cm":5805,"minecraft:damage_taken":450,"minecraft:walk_one_cm":26600,"minecraft:walk_under_water_one_cm":92,"minecraft:mob_kills":1,"minecraft:drop":4,"minecraft:jump":98,"minecraft:damage_dealt":194,"minecraft:time_since_death":6134,"minecraft:leave_game":2,"minecraft:walk_on_water_one_cm":5915,"minecraft:fall_one_cm":627,"minecraft:fly_one_cm":6871},"minecraft:used":{"minecraft:rotten_flesh":1,"alexsmobs:animal_dictionary":2},"minecraft:dropped":{"minecraft:ink_sac":4},"minecraft:killed":{"minecraft:drowned":1}},"DataVersion":2586}