{"stats":{"minecraft:killed_by":{"alexsmobs:crocodile":1,"minecraft:drowned":1,"alexsmobs:tasmanian_devil":1,"minecraft:zombie":3},"minecraft:picked_up":{"minecraft:stick":40,"minecraft:salmon":2,"minecraft:torch":3,"minecraft:gravel":1,"minecraft:oak_log":24,"minecraft:ink_sac":5,"minecraft:dark_oak_log":23,"minecraft:dirt":65,"minecraft:string":2,"minecraft:cooked_salmon":2,"minecraft:rotten_flesh":9,"minecraft:wheat_seeds":1,"dynamictrees:birch_seed":1,"dynamictrees:oak_seed":15,"medieval_craft:copper_ore":4,"minecraft:coal":5,"minecraft:cobblestone":17,"minecraft:sunflower":1},"minecraft:mined":{"minecraft:seagrass":1,"minecraft:tall_seagrass":2,"minecraft:dark_oak_log":27,"medieval_craft:copper_ore":4,"minecraft:torch":2,"minecraft:grass":5,"minecraft:grass_block":31,"minecraft:coal_ore":10,"minecraft:oak_log":6,"minecraft:gravel":1,"minecraft:dirt":36,"minecraft:stone":17,"minecraft:sugar_cane":1,"minecraft:oak_leaves":6,"minecraft:wall_torch":2},"minecraft:custom":{"minecraft:time_since_rest":2803,"minecraft:interact_with_furnace":4,"minecraft:sprint_one_cm":71282,"minecraft:damage_taken":2322,"minecraft:walk_one_cm":237626,"minecraft:mob_kills":3,"minecraft:drop":21,"minecraft:damage_dealt":685,"minecraft:swim_one_cm":117395,"minecraft:interact_with_crafting_table":5,"minecraft:fly_one_cm":65599,"minecraft:play_one_minute":88789,"minecraft:deaths":7,"minecraft:walk_under_water_one_cm":16873,"minecraft:jump":1004,"minecraft:leave_game":3,"minecraft:time_since_death":2769,"minecraft:walk_on_water_one_cm":53740,"minecraft:fall_one_cm":20413},"minecraft:used":{"minecraft:dark_oak_planks":1,"minecraft:stone_pickaxe":41,"minecraft:wooden_pickaxe":21,"minecraft:cooked_salmon":4,"minecraft:rotten_flesh":3,"minecraft:torch":5,"minecraft:stone_axe":4,"minecraft:dirt":41,"minecraft:cobblestone":3,"alexsmobs:animal_dictionary":6},"minecraft:crafted":{"minecraft:oak_planks":20,"minecraft:crafting_table":1,"minecraft:wooden_pickaxe":2,"minecraft:stone_pickaxe":2,"minecraft:cooked_salmon":4,"minecraft:dark_oak_planks":92,"minecraft:torch":8,"minecraft:stone_axe":1},"minecraft:dropped":{"minecraft:dirt":6,"minecraft:wheat_seeds":1,"dynamictrees:oak_seed":1,"minecraft:ink_sac":5,"alexsmobs:animal_dictionary":1,"minecraft:cooked_salmon":2,"minecraft:rotten_flesh":1,"minecraft:sunflower":1,"minecraft:salmon":1,"minecraft:stick":2},"minecraft:killed":{"minecraft:zombie":1,"minecraft:drowned":1}},"DataVersion":2586}