{"stats":{"minecraft:killed_by":{"minecraft:drowned":1,"alexsmobs:tasmanian_devil":1},"minecraft:picked_up":{"minecraft:stick":17,"minecraft:salmon":2,"minecraft:oak_log":11,"minecraft:ink_sac":5,"minecraft:dark_oak_log":23,"minecraft:dirt":44,"minecraft:string":2,"minecraft:cooked_salmon":2,"minecraft:rotten_flesh":6,"minecraft:wheat_seeds":1,"dynamictrees:birch_seed":1,"dynamictrees:oak_seed":8,"minecraft:cobblestone":11,"minecraft:sunflower":1},"minecraft:mined":{"minecraft:seagrass":1,"minecraft:tall_seagrass":2,"minecraft:dark_oak_log":27,"minecraft:grass":3,"minecraft:grass_block":14,"minecraft:oak_log":1,"minecraft:dirt":34,"minecraft:stone":11,"minecraft:sugar_cane":1},"minecraft:custom":{"minecraft:time_since_rest":1303,"minecraft:sprint_one_cm":8318,"minecraft:interact_with_furnace":3,"minecraft:damage_taken":1267,"minecraft:walk_one_cm":67089,"minecraft:mob_kills":2,"minecraft:drop":12,"minecraft:damage_dealt":499,"minecraft:interact_with_crafting_table":3,"minecraft:swim_one_cm":59601,"minecraft:fly_one_cm":11180,"minecraft:play_one_minute":47794,"minecraft:deaths":3,"minecraft:walk_under_water_one_cm":6680,"minecraft:jump":260,"minecraft:leave_game":2,"minecraft:time_since_death":1264,"minecraft:walk_on_water_one_cm":21402,"minecraft:fall_one_cm":2433},"minecraft:used":{"minecraft:dark_oak_planks":1,"minecraft:stone_pickaxe":12,"minecraft:wooden_pickaxe":16,"minecraft:cooked_salmon":3,"minecraft:rotten_flesh":3,"minecraft:stone_axe":1,"minecraft:dirt":28,"alexsmobs:animal_dictionary":6},"minecraft:crafted":{"minecraft:stone_pickaxe":1,"minecraft:wooden_pickaxe":1,"minecraft:cooked_salmon":4,"minecraft:dark_oak_planks":92,"minecraft:stone_axe":1},"minecraft:dropped":{"minecraft:wheat_seeds":1,"minecraft:ink_sac":5,"alexsmobs:animal_dictionary":1,"minecraft:cooked_salmon":2,"minecraft:rotten_flesh":1,"minecraft:sunflower":1,"minecraft:salmon":1},"minecraft:killed":{"minecraft:zombie":1,"minecraft:drowned":1}},"DataVersion":2586}