{"stats":{"minecraft:killed_by":{"minecraft:player":1,"iceandfire:cyclops":1,"minecraft:drowned":1,"alexsmobs:crocodile":1,"alexsmobs:tasmanian_devil":1,"minecraft:zombie":10},"minecraft:picked_up":{"minecraft:wooden_axe":2,"iceandfire:copper_ingot":1,"minecraft:chicken":10,"minecraft:creeper_head":1,"minecraft:wooden_pickaxe":3,"iceandfire:manuscript":2,"minecraft:string":9,"minecraft:cooked_salmon":2,"dynamictrees:dark_oak_seed":2,"minecraft:beef":12,"minecraft:oak_boat":3,"dynamictrees:oak_seed":15,"alexsmobs:raccoon_tail":1,"iceandfire:pixie_dust":1,"minecraft:stick":68,"minecraft:sandstone":1,"minecraft:end_stone":13,"minecraft:torch":18,"wyrmroost:cooked_common_meat":5,"minecraft:porkchop":23,"minecraft:diorite":24,"wyrmroost:coin_dragon":1,"minecraft:redstone":83,"alexsmobs:centipede_leg":2,"alexsmobs:crocodile_scute":2,"minecraft:stone_sword":1,"minecraft:rotten_flesh":16,"minecraft:beetroot_seeds":2,"minecraft:mutton":8,"minecraft:rail":10,"minecraft:white_wool":29,"minecraft:cobblestone":1197,"minecraft:birch_log":7,"minecraft:feather":51,"minecraft:salmon":28,"minecraft:andesite":72,"minecraft:leather":2,"minecraft:brown_wool":1,"minecraft:dark_oak_boat":1,"minecraft:filled_map":1,"minecraft:flint":1,"minecraft:oak_log":45,"minecraft:wither_skeleton_skull":1,"minecraft:lapis_lazuli":28,"minecraft:dirt":165,"minecraft:cooked_mutton":2,"minecraft:apple":5,"minecraft:wheat_seeds":3,"alexsmobs:cockroach_wing_fragment":6,"quark:tallow":21,"minecraft:stone_pickaxe":3,"dynamictrees:birch_seed":3,"minecraft:iron_ingot":14,"minecraft:iron_ore":29,"minecraft:glass_bottle":1,"minecraft:powered_rail":3,"wyrmroost:raw_common_meat":28,"minecraft:oak_planks":23,"medieval_craft:copper_ore":4,"alexsmobs:crocodile_egg":1,"minecraft:gravel":2,"minecraft:sand":1,"minecraft:ink_sac":20,"minecraft:dark_oak_log":55,"alexsmobs:animal_dictionary":1,"minecraft:diamond":5,"minecraft:stone_axe":2,"minecraft:granite":29,"minecraft:bone_meal":1,"minecraft:golden_apple":1,"minecraft:emerald":1,"minecraft:oak_sapling":1,"minecraft:coal":86,"minecraft:sunflower":10},"minecraft:custom":{"minecraft:mob_kills":43,"minecraft:interact_with_crafting_table":27,"minecraft:leave_game":7,"minecraft:time_since_death":14515,"minecraft:sprint_one_cm":220246,"minecraft:walk_one_cm":643912,"minecraft:drop":59,"minecraft:deaths":21,"minecraft:sneak_time":518,"minecraft:walk_under_water_one_cm":60498,"minecraft:boat_one_cm":119890,"minecraft:jump":2501,"minecraft:walk_on_water_one_cm":109902,"minecraft:interact_with_furnace":19,"minecraft:play_one_minute":217104,"minecraft:time_since_rest":14642,"minecraft:damage_taken":6561,"minecraft:damage_dealt":12582,"minecraft:swim_one_cm":136652,"minecraft:fly_one_cm":320209,"minecraft:open_chest":3,"minecraft:crouch_one_cm":193,"minecraft:fall_one_cm":58080},"minecraft:mined":{"minecraft:diamond_ore":2,"minecraft:dark_oak_log":28,"minecraft:granite":15,"minecraft:grass_block":56,"minecraft:sandstone":1,"minecraft:tall_seagrass":3,"minecraft:redstone_ore":19,"minecraft:iron_ore":21,"minecraft:andesite":46,"minecraft:stone":778,"minecraft:dandelion":1,"medieval_craft:copper_ore":4,"minecraft:torch":2,"minecraft:mushroom_stem":1,"minecraft:tall_grass":4,"minecraft:cobblestone":15,"minecraft:lapis_ore":5,"minecraft:sugar_cane":1,"minecraft:diorite":9,"minecraft:wall_torch":2,"minecraft:seagrass":1,"minecraft:bee_nest":1,"minecraft:grass":21,"minecraft:oak_log":27,"minecraft:coal_ore":75,"minecraft:sunflower":8,"minecraft:gravel":2,"minecraft:sand":2,"minecraft:dirt":102,"minecraft:red_mushroom_block":7,"minecraft:oak_leaves":19},"minecraft:used":{"minecraft:stone_sword":2,"minecraft:shield":2,"minecraft:cooked_salmon":5,"minecraft:rotten_flesh":20,"minecraft:torch":8,"minecraft:dirt":51,"iceandfire:spawn_egg_fire_dragon":1,"minecraft:granite":1,"minecraft:dark_oak_planks":1,"minecraft:iron_axe":41,"iceandfire:spawn_egg_lightning_dragon":3,"minecraft:dark_oak_boat":1,"minecraft:furnace":1,"minecraft:cooked_mutton":3,"minecraft:stone_pickaxe":297,"minecraft:wooden_pickaxe":46,"minecraft:sand":1,"minecraft:crafting_table":6,"medieval_craft:excalibur_sword":16,"minecraft:diamond_pickaxe":6,"iceandfire:dragonsteel_fire_axe":18,"minecraft:sunflower":2,"iceandfire:dragonbone_bow":9,"minecraft:iron_pickaxe":705,"iceandfire:dragonsteel_ice_sword":42,"minecraft:stone_axe":4,"minecraft:cobblestone":124,"minecraft:andesite":8,"minecraft:oak_boat":2,"alexsmobs:animal_dictionary":9},"minecraft:broken":{"minecraft:stone_pickaxe":2,"minecraft:iron_pickaxe":2},"minecraft:dropped":{"minecraft:soul_sand":1,"minecraft:wheat_seeds":1,"minecraft:cobblestone":110,"minecraft:granite":16,"minecraft:stick":2,"minecraft:dirt":8,"minecraft:dark_oak_log":1,"minecraft:diorite":15,"minecraft:ink_sac":5,"minecraft:wooden_axe":2,"minecraft:cooked_salmon":2,"minecraft:sunflower":1,"minecraft:dark_oak_boat":2,"minecraft:gravel":1,"minecraft:stone_axe":2,"dynamictrees:oak_seed":1,"alexsmobs:animal_dictionary":1,"minecraft:rotten_flesh":1,"minecraft:cooked_mutton":1,"minecraft:salmon":1,"minecraft:andesite":26,"minecraft:oak_boat":1,"minecraft:oak_sapling":1,"minecraft:sandstone":1,"minecraft:wooden_pickaxe":2,"minecraft:stone_pickaxe":1},"minecraft:crafted":{"minecraft:oak_planks":104,"minecraft:dark_oak_boat":2,"minecraft:furnace":1,"minecraft:cooked_mutton":4,"minecraft:iron_axe":2,"minecraft:stone_pickaxe":3,"minecraft:dark_oak_planks":216,"minecraft:crafting_table":7,"minecraft:wooden_pickaxe":4,"minecraft:cooked_salmon":4,"minecraft:birch_planks":28,"minecraft:stone_axe":1,"minecraft:oak_boat":1,"minecraft:diamond_pickaxe":1,"minecraft:shield":1,"minecraft:stick":28,"minecraft:iron_ingot":13,"minecraft:iron_pickaxe":4,"minecraft:white_bed":1,"minecraft:torch":24},"minecraft:killed":{"alexsmobs:lobster":2,"minecraft:witch":1,"minecraft:chicken":1,"wyrmroost:alpine":13,"alexsmobs:centipede_head":1,"minecraft:drowned":1,"wyrmroost:dragon_fruit_drake":1,"minecraft:pig":2,"quark:stoneling":1,"minecraft:salmon":1,"minecraft:sheep":6,"alexsmobs:crocodile":1,"minecraft:zombie":7,"alexsmobs:komodo_dragon":1,"minecraft:cow":1}},"DataVersion":2586}