{"stats":{"minecraft:killed_by":{"minecraft:player":1,"alexsmobs:crocodile":1,"alexsmobs:tasmanian_devil":1,"minecraft:zombie":9,"minecraft:drowned":1},"minecraft:picked_up":{"minecraft:wooden_axe":2,"minecraft:birch_log":7,"minecraft:andesite":72,"minecraft:salmon":6,"minecraft:dark_oak_boat":1,"minecraft:wooden_pickaxe":3,"minecraft:oak_log":41,"minecraft:dirt":160,"minecraft:lapis_lazuli":28,"minecraft:string":2,"minecraft:cooked_salmon":2,"minecraft:cooked_mutton":2,"minecraft:wheat_seeds":3,"dynamictrees:dark_oak_seed":2,"minecraft:oak_boat":3,"minecraft:iron_ingot":11,"dynamictrees:birch_seed":2,"minecraft:stone_pickaxe":3,"quark:tallow":6,"minecraft:iron_ore":29,"dynamictrees:oak_seed":15,"minecraft:oak_planks":23,"medieval_craft:copper_ore":4,"minecraft:stick":65,"minecraft:torch":18,"minecraft:gravel":1,"minecraft:porkchop":6,"minecraft:ink_sac":5,"minecraft:diorite":24,"minecraft:redstone":83,"minecraft:dark_oak_log":55,"alexsmobs:animal_dictionary":1,"minecraft:stone_sword":1,"minecraft:rotten_flesh":13,"minecraft:diamond":2,"minecraft:stone_axe":1,"minecraft:granite":29,"minecraft:oak_sapling":1,"minecraft:mutton":2,"minecraft:coal":72,"minecraft:white_wool":2,"minecraft:cobblestone":1156,"minecraft:sunflower":10},"minecraft:mined":{"minecraft:diamond_ore":2,"minecraft:dark_oak_log":28,"minecraft:dandelion":1,"medieval_craft:copper_ore":4,"minecraft:torch":2,"minecraft:granite":15,"minecraft:grass_block":53,"minecraft:mushroom_stem":1,"minecraft:tall_grass":4,"minecraft:cobblestone":15,"minecraft:lapis_ore":5,"minecraft:sugar_cane":1,"minecraft:diorite":9,"minecraft:wall_torch":2,"minecraft:seagrass":1,"minecraft:tall_seagrass":3,"minecraft:redstone_ore":19,"minecraft:iron_ore":21,"minecraft:andesite":46,"minecraft:grass":19,"minecraft:oak_log":23,"minecraft:coal_ore":75,"minecraft:sunflower":8,"minecraft:gravel":1,"minecraft:dirt":98,"minecraft:red_mushroom_block":7,"minecraft:stone":734,"minecraft:oak_leaves":10},"minecraft:custom":{"minecraft:interact_with_furnace":19,"minecraft:mob_kills":6,"minecraft:interact_with_crafting_table":24,"minecraft:play_one_minute":171141,"minecraft:leave_game":5,"minecraft:time_since_death":6204,"minecraft:time_since_rest":6241,"minecraft:sprint_one_cm":160833,"minecraft:damage_taken":5653,"minecraft:walk_one_cm":470567,"minecraft:drop":47,"minecraft:damage_dealt":1732,"minecraft:swim_one_cm":126074,"minecraft:fly_one_cm":145406,"minecraft:open_chest":2,"minecraft:crouch_one_cm":142,"minecraft:deaths":18,"minecraft:sneak_time":121,"minecraft:walk_under_water_one_cm":31359,"minecraft:boat_one_cm":103870,"minecraft:jump":1905,"minecraft:walk_on_water_one_cm":95540,"minecraft:fall_one_cm":47267},"minecraft:used":{"minecraft:cooked_mutton":3,"minecraft:stone_sword":2,"minecraft:stone_pickaxe":297,"minecraft:wooden_pickaxe":46,"minecraft:shield":2,"minecraft:cooked_salmon":4,"minecraft:rotten_flesh":8,"minecraft:torch":8,"minecraft:dirt":50,"minecraft:crafting_table":4,"minecraft:granite":1,"minecraft:dark_oak_planks":1,"minecraft:sunflower":2,"minecraft:iron_axe":23,"minecraft:iron_pickaxe":660,"minecraft:stone_axe":4,"minecraft:cobblestone":102,"minecraft:dark_oak_boat":1,"minecraft:furnace":1,"minecraft:andesite":8,"alexsmobs:animal_dictionary":9,"minecraft:oak_boat":2},"minecraft:broken":{"minecraft:stone_pickaxe":2,"minecraft:iron_pickaxe":2},"minecraft:dropped":{"minecraft:wheat_seeds":1,"dynamictrees:oak_seed":1,"alexsmobs:animal_dictionary":1,"minecraft:cobblestone":79,"minecraft:rotten_flesh":1,"minecraft:granite":16,"minecraft:cooked_mutton":1,"minecraft:salmon":1,"minecraft:stick":2,"minecraft:dirt":8,"minecraft:dark_oak_log":1,"minecraft:diorite":15,"minecraft:ink_sac":5,"minecraft:cooked_salmon":2,"minecraft:oak_boat":1,"minecraft:oak_sapling":1,"minecraft:sunflower":1,"minecraft:dark_oak_boat":2},"minecraft:crafted":{"minecraft:oak_planks":88,"minecraft:dark_oak_boat":2,"minecraft:crafting_table":5,"minecraft:wooden_pickaxe":4,"minecraft:furnace":1,"minecraft:cooked_salmon":4,"minecraft:stone_axe":1,"minecraft:cooked_mutton":4,"minecraft:oak_boat":1,"minecraft:shield":1,"minecraft:iron_axe":2,"minecraft:stick":24,"minecraft:iron_ingot":13,"minecraft:iron_pickaxe":4,"minecraft:stone_pickaxe":3,"minecraft:torch":24,"minecraft:dark_oak_planks":216},"minecraft:killed":{"minecraft:pig":1,"minecraft:sheep":1,"minecraft:zombie":3,"minecraft:drowned":1}},"DataVersion":2586}