{"stats":{"minecraft:killed_by":{"minecraft:player":1,"alexsmobs:crocodile":1,"alexsmobs:tasmanian_devil":1,"minecraft:zombie":8,"minecraft:drowned":1},"minecraft:picked_up":{"minecraft:wooden_axe":2,"minecraft:salmon":6,"minecraft:andesite":72,"minecraft:wooden_pickaxe":3,"minecraft:oak_log":41,"minecraft:lapis_lazuli":28,"minecraft:dirt":159,"minecraft:string":2,"minecraft:cooked_salmon":2,"minecraft:cooked_mutton":2,"minecraft:wheat_seeds":3,"minecraft:iron_ingot":11,"minecraft:stone_pickaxe":3,"minecraft:oak_boat":3,"quark:tallow":6,"dynamictrees:birch_seed":1,"minecraft:iron_ore":29,"dynamictrees:oak_seed":15,"minecraft:oak_planks":23,"medieval_craft:copper_ore":4,"minecraft:stick":42,"minecraft:torch":18,"minecraft:gravel":1,"minecraft:porkchop":6,"minecraft:diorite":24,"minecraft:ink_sac":5,"minecraft:redstone":83,"minecraft:dark_oak_log":24,"alexsmobs:animal_dictionary":1,"minecraft:stone_sword":1,"minecraft:rotten_flesh":13,"minecraft:diamond":2,"minecraft:stone_axe":1,"minecraft:granite":29,"minecraft:oak_sapling":1,"minecraft:mutton":2,"minecraft:coal":68,"minecraft:white_wool":2,"minecraft:cobblestone":1152,"minecraft:sunflower":10},"minecraft:custom":{"minecraft:interact_with_furnace":19,"minecraft:mob_kills":6,"minecraft:interact_with_crafting_table":23,"minecraft:play_one_minute":160040,"minecraft:leave_game":4,"minecraft:time_since_death":1510,"minecraft:time_since_rest":1587,"minecraft:sprint_one_cm":145133,"minecraft:damage_taken":5338,"minecraft:walk_one_cm":444353,"minecraft:drop":42,"minecraft:damage_dealt":1600,"minecraft:swim_one_cm":118913,"minecraft:fly_one_cm":125190,"minecraft:deaths":17,"minecraft:sneak_time":13,"minecraft:walk_under_water_one_cm":22528,"minecraft:boat_one_cm":86549,"minecraft:jump":1749,"minecraft:walk_on_water_one_cm":88413,"minecraft:fall_one_cm":42737},"minecraft:mined":{"minecraft:diamond_ore":2,"minecraft:dark_oak_log":28,"minecraft:dandelion":1,"medieval_craft:copper_ore":4,"minecraft:torch":2,"minecraft:granite":15,"minecraft:grass_block":53,"minecraft:cobblestone":15,"minecraft:tall_grass":4,"minecraft:lapis_ore":5,"minecraft:sugar_cane":1,"minecraft:diorite":9,"minecraft:wall_torch":2,"minecraft:seagrass":1,"minecraft:tall_seagrass":3,"minecraft:redstone_ore":19,"minecraft:iron_ore":21,"minecraft:andesite":45,"minecraft:grass":18,"minecraft:oak_log":23,"minecraft:coal_ore":71,"minecraft:sunflower":8,"minecraft:gravel":1,"minecraft:dirt":98,"minecraft:stone":730,"minecraft:oak_leaves":10},"minecraft:used":{"minecraft:cooked_mutton":3,"minecraft:stone_sword":2,"minecraft:stone_pickaxe":297,"minecraft:shield":2,"minecraft:wooden_pickaxe":46,"minecraft:cooked_salmon":4,"minecraft:rotten_flesh":5,"minecraft:torch":8,"minecraft:dirt":50,"minecraft:crafting_table":3,"minecraft:granite":1,"minecraft:dark_oak_planks":1,"minecraft:sunflower":2,"minecraft:iron_axe":8,"minecraft:iron_pickaxe":651,"minecraft:stone_axe":4,"minecraft:cobblestone":102,"minecraft:furnace":1,"minecraft:andesite":8,"minecraft:oak_boat":2,"alexsmobs:animal_dictionary":9},"minecraft:broken":{"minecraft:stone_pickaxe":2,"minecraft:iron_pickaxe":2},"minecraft:dropped":{"minecraft:wheat_seeds":1,"dynamictrees:oak_seed":1,"alexsmobs:animal_dictionary":1,"minecraft:cobblestone":15,"minecraft:rotten_flesh":1,"minecraft:cooked_mutton":1,"minecraft:salmon":1,"minecraft:stick":2,"minecraft:dirt":8,"minecraft:dark_oak_log":1,"minecraft:ink_sac":5,"minecraft:oak_sapling":1,"minecraft:oak_boat":1,"minecraft:cooked_salmon":2,"minecraft:sunflower":1},"minecraft:crafted":{"minecraft:oak_planks":88,"minecraft:crafting_table":4,"minecraft:wooden_pickaxe":4,"minecraft:furnace":1,"minecraft:cooked_salmon":4,"minecraft:stone_axe":1,"minecraft:cooked_mutton":4,"minecraft:oak_boat":1,"minecraft:shield":1,"minecraft:iron_axe":2,"minecraft:stick":24,"minecraft:iron_ingot":13,"minecraft:iron_pickaxe":4,"minecraft:stone_pickaxe":3,"minecraft:dark_oak_planks":92,"minecraft:torch":24},"minecraft:killed":{"minecraft:pig":1,"minecraft:sheep":1,"minecraft:zombie":2,"minecraft:drowned":1}},"DataVersion":2586}