{"stats":{"minecraft:killed_by":{"alexsmobs:crocodile":1,"alexsmobs:tasmanian_devil":1,"minecraft:zombie":6,"minecraft:drowned":1},"minecraft:picked_up":{"minecraft:salmon":6,"minecraft:andesite":23,"minecraft:wooden_pickaxe":1,"minecraft:oak_log":31,"minecraft:dirt":83,"minecraft:string":2,"minecraft:cooked_salmon":2,"minecraft:cooked_mutton":2,"minecraft:wheat_seeds":3,"minecraft:stone_pickaxe":1,"minecraft:oak_boat":1,"quark:tallow":6,"dynamictrees:birch_seed":1,"minecraft:iron_ore":14,"dynamictrees:oak_seed":15,"minecraft:oak_planks":18,"medieval_craft:copper_ore":4,"minecraft:stick":40,"minecraft:torch":16,"minecraft:gravel":1,"minecraft:porkchop":6,"minecraft:diorite":7,"minecraft:ink_sac":5,"minecraft:redstone":36,"minecraft:dark_oak_log":23,"alexsmobs:animal_dictionary":1,"minecraft:rotten_flesh":9,"minecraft:granite":9,"minecraft:mutton":2,"minecraft:coal":35,"minecraft:white_wool":2,"minecraft:cobblestone":604,"minecraft:sunflower":3},"minecraft:mined":{"minecraft:dark_oak_log":27,"medieval_craft:copper_ore":4,"minecraft:torch":2,"minecraft:granite":6,"minecraft:grass_block":35,"minecraft:cobblestone":5,"minecraft:tall_grass":2,"minecraft:sugar_cane":1,"minecraft:diorite":7,"minecraft:wall_torch":2,"minecraft:seagrass":1,"minecraft:tall_seagrass":3,"minecraft:redstone_ore":9,"minecraft:iron_ore":14,"minecraft:andesite":23,"minecraft:grass":15,"minecraft:oak_log":13,"minecraft:coal_ore":39,"minecraft:gravel":1,"minecraft:dirt":42,"minecraft:stone":506,"minecraft:oak_leaves":7},"minecraft:custom":{"minecraft:interact_with_furnace":14,"minecraft:mob_kills":5,"minecraft:interact_with_crafting_table":15,"minecraft:play_one_minute":124040,"minecraft:leave_game":4,"minecraft:time_since_death":15898,"minecraft:time_since_rest":16022,"minecraft:sprint_one_cm":101927,"minecraft:damage_taken":3375,"minecraft:walk_one_cm":352256,"minecraft:drop":24,"minecraft:damage_dealt":1113,"minecraft:swim_one_cm":117395,"minecraft:fly_one_cm":94848,"minecraft:deaths":11,"minecraft:walk_under_water_one_cm":19778,"minecraft:jump":1349,"minecraft:walk_on_water_one_cm":60768,"minecraft:fall_one_cm":25002},"minecraft:used":{"minecraft:cooked_mutton":2,"minecraft:stone_pickaxe":297,"minecraft:wooden_pickaxe":46,"minecraft:cooked_salmon":4,"minecraft:rotten_flesh":3,"minecraft:torch":8,"minecraft:dirt":45,"minecraft:crafting_table":2,"minecraft:dark_oak_planks":1,"minecraft:sunflower":2,"minecraft:iron_pickaxe":318,"minecraft:stone_axe":4,"minecraft:cobblestone":28,"minecraft:furnace":1,"alexsmobs:animal_dictionary":9},"minecraft:broken":{"minecraft:stone_pickaxe":2,"minecraft:iron_pickaxe":1},"minecraft:dropped":{"minecraft:wheat_seeds":1,"dynamictrees:oak_seed":1,"alexsmobs:animal_dictionary":1,"minecraft:cobblestone":1,"minecraft:rotten_flesh":1,"minecraft:cooked_mutton":1,"minecraft:salmon":1,"minecraft:stick":2,"minecraft:dirt":6,"minecraft:ink_sac":5,"minecraft:oak_boat":1,"minecraft:cooked_salmon":2,"minecraft:sunflower":1},"minecraft:crafted":{"minecraft:oak_planks":48,"minecraft:crafting_table":3,"minecraft:wooden_pickaxe":3,"minecraft:furnace":1,"minecraft:cooked_salmon":4,"minecraft:stone_axe":1,"minecraft:cooked_mutton":4,"minecraft:stick":12,"minecraft:iron_ingot":6,"minecraft:iron_pickaxe":2,"minecraft:stone_pickaxe":3,"minecraft:dark_oak_planks":92,"minecraft:torch":24},"minecraft:killed":{"minecraft:pig":1,"minecraft:sheep":1,"minecraft:zombie":1,"minecraft:drowned":1}},"DataVersion":2586}