{"stats":{"minecraft:killed_by":{"minecraft:player":1,"alexsmobs:crocodile":1,"alexsmobs:tasmanian_devil":1,"minecraft:zombie":6,"minecraft:drowned":1},"minecraft:picked_up":{"minecraft:wooden_axe":2,"minecraft:salmon":6,"minecraft:andesite":72,"minecraft:wooden_pickaxe":3,"minecraft:oak_log":41,"minecraft:dirt":156,"minecraft:string":2,"minecraft:cooked_salmon":2,"minecraft:cooked_mutton":2,"minecraft:wheat_seeds":3,"minecraft:iron_ingot":11,"minecraft:stone_pickaxe":3,"minecraft:oak_boat":3,"quark:tallow":6,"dynamictrees:birch_seed":1,"minecraft:iron_ore":24,"dynamictrees:oak_seed":15,"minecraft:oak_planks":18,"medieval_craft:copper_ore":4,"minecraft:stick":40,"minecraft:torch":18,"minecraft:gravel":1,"minecraft:porkchop":6,"minecraft:diorite":24,"minecraft:ink_sac":5,"minecraft:redstone":45,"minecraft:dark_oak_log":24,"alexsmobs:animal_dictionary":1,"minecraft:stone_sword":1,"minecraft:rotten_flesh":9,"minecraft:stone_axe":1,"minecraft:granite":25,"minecraft:oak_sapling":1,"minecraft:mutton":2,"minecraft:coal":35,"minecraft:white_wool":2,"minecraft:cobblestone":1084,"minecraft:sunflower":3},"minecraft:mined":{"minecraft:dark_oak_log":28,"minecraft:dandelion":1,"medieval_craft:copper_ore":4,"minecraft:torch":2,"minecraft:granite":11,"minecraft:grass_block":52,"minecraft:cobblestone":15,"minecraft:tall_grass":4,"minecraft:sugar_cane":1,"minecraft:diorite":9,"minecraft:wall_torch":2,"minecraft:seagrass":1,"minecraft:tall_seagrass":3,"minecraft:redstone_ore":11,"minecraft:iron_ore":19,"minecraft:andesite":45,"minecraft:grass":16,"minecraft:oak_log":23,"minecraft:coal_ore":39,"minecraft:gravel":1,"minecraft:dirt":96,"minecraft:stone":669,"minecraft:oak_leaves":10},"minecraft:custom":{"minecraft:interact_with_furnace":19,"minecraft:mob_kills":5,"minecraft:interact_with_crafting_table":22,"minecraft:play_one_minute":148040,"minecraft:leave_game":4,"minecraft:time_since_death":3889,"minecraft:time_since_rest":3915,"minecraft:sprint_one_cm":127459,"minecraft:damage_taken":4853,"minecraft:walk_one_cm":418380,"minecraft:drop":42,"minecraft:damage_dealt":1237,"minecraft:swim_one_cm":117395,"minecraft:fly_one_cm":110713,"minecraft:deaths":15,"minecraft:sneak_time":13,"minecraft:walk_under_water_one_cm":20491,"minecraft:boat_one_cm":86549,"minecraft:jump":1521,"minecraft:walk_on_water_one_cm":78324,"minecraft:fall_one_cm":38905},"minecraft:used":{"minecraft:cooked_mutton":3,"minecraft:stone_pickaxe":297,"minecraft:shield":2,"minecraft:wooden_pickaxe":46,"minecraft:cooked_salmon":4,"minecraft:rotten_flesh":3,"minecraft:torch":8,"minecraft:dirt":50,"minecraft:crafting_table":3,"minecraft:granite":1,"minecraft:dark_oak_planks":1,"minecraft:sunflower":2,"minecraft:iron_axe":2,"minecraft:iron_pickaxe":528,"minecraft:stone_axe":4,"minecraft:cobblestone":39,"minecraft:furnace":1,"minecraft:andesite":3,"minecraft:oak_boat":2,"alexsmobs:animal_dictionary":9},"minecraft:broken":{"minecraft:stone_pickaxe":2,"minecraft:iron_pickaxe":2},"minecraft:dropped":{"minecraft:wheat_seeds":1,"dynamictrees:oak_seed":1,"alexsmobs:animal_dictionary":1,"minecraft:cobblestone":15,"minecraft:rotten_flesh":1,"minecraft:cooked_mutton":1,"minecraft:salmon":1,"minecraft:stick":2,"minecraft:dirt":8,"minecraft:dark_oak_log":1,"minecraft:ink_sac":5,"minecraft:oak_sapling":1,"minecraft:oak_boat":1,"minecraft:cooked_salmon":2,"minecraft:sunflower":1},"minecraft:crafted":{"minecraft:oak_planks":88,"minecraft:crafting_table":4,"minecraft:wooden_pickaxe":4,"minecraft:furnace":1,"minecraft:cooked_salmon":4,"minecraft:stone_axe":1,"minecraft:cooked_mutton":4,"minecraft:oak_boat":1,"minecraft:shield":1,"minecraft:iron_axe":1,"minecraft:stick":20,"minecraft:iron_ingot":13,"minecraft:iron_pickaxe":3,"minecraft:stone_pickaxe":3,"minecraft:dark_oak_planks":92,"minecraft:torch":24},"minecraft:killed":{"minecraft:pig":1,"minecraft:sheep":1,"minecraft:zombie":1,"minecraft:drowned":1}},"DataVersion":2586}