{"stats":{"minecraft:killed_by":{"minecraft:player":1,"alexsmobs:crocodile":1,"iceandfire:cyclops":1,"alexsmobs:tasmanian_devil":1,"minecraft:zombie":10,"minecraft:drowned":1},"minecraft:picked_up":{"minecraft:wooden_axe":2,"minecraft:birch_log":7,"minecraft:andesite":72,"minecraft:salmon":6,"minecraft:brown_wool":1,"minecraft:dark_oak_boat":1,"minecraft:wooden_pickaxe":3,"minecraft:filled_map":1,"minecraft:flint":1,"minecraft:oak_log":45,"minecraft:lapis_lazuli":28,"minecraft:string":3,"minecraft:dirt":165,"minecraft:cooked_salmon":2,"minecraft:cooked_mutton":2,"minecraft:wheat_seeds":3,"dynamictrees:dark_oak_seed":2,"minecraft:iron_ore":29,"minecraft:iron_ingot":11,"dynamictrees:birch_seed":3,"minecraft:stone_pickaxe":3,"quark:tallow":6,"minecraft:oak_boat":3,"dynamictrees:oak_seed":15,"minecraft:oak_planks":23,"medieval_craft:copper_ore":4,"minecraft:stick":67,"minecraft:sandstone":1,"minecraft:torch":18,"minecraft:gravel":2,"minecraft:porkchop":6,"minecraft:sand":1,"minecraft:ink_sac":5,"minecraft:diorite":24,"minecraft:redstone":83,"minecraft:dark_oak_log":55,"alexsmobs:animal_dictionary":1,"minecraft:stone_sword":1,"minecraft:rotten_flesh":13,"minecraft:diamond":5,"minecraft:stone_axe":2,"minecraft:granite":29,"minecraft:oak_sapling":1,"minecraft:mutton":7,"minecraft:coal":72,"minecraft:white_wool":5,"minecraft:cobblestone":1197,"minecraft:sunflower":10},"minecraft:mined":{"minecraft:diamond_ore":2,"minecraft:dark_oak_log":28,"minecraft:dandelion":1,"medieval_craft:copper_ore":4,"minecraft:torch":2,"minecraft:granite":15,"minecraft:grass_block":56,"minecraft:mushroom_stem":1,"minecraft:tall_grass":4,"minecraft:cobblestone":15,"minecraft:lapis_ore":5,"minecraft:sugar_cane":1,"minecraft:diorite":9,"minecraft:sandstone":1,"minecraft:wall_torch":2,"minecraft:seagrass":1,"minecraft:tall_seagrass":3,"minecraft:redstone_ore":19,"minecraft:iron_ore":21,"minecraft:andesite":46,"minecraft:bee_nest":1,"minecraft:grass":21,"minecraft:coal_ore":75,"minecraft:oak_log":27,"minecraft:sand":2,"minecraft:sunflower":8,"minecraft:gravel":2,"minecraft:dirt":102,"minecraft:red_mushroom_block":7,"minecraft:stone":778,"minecraft:oak_leaves":19},"minecraft:custom":{"minecraft:interact_with_furnace":19,"minecraft:mob_kills":14,"minecraft:interact_with_crafting_table":27,"minecraft:play_one_minute":205104,"minecraft:leave_game":7,"minecraft:time_since_death":2515,"minecraft:time_since_rest":2642,"minecraft:sprint_one_cm":219982,"minecraft:damage_taken":6561,"minecraft:walk_one_cm":558146,"minecraft:drop":58,"minecraft:damage_dealt":2433,"minecraft:swim_one_cm":136652,"minecraft:fly_one_cm":202374,"minecraft:open_chest":3,"minecraft:crouch_one_cm":142,"minecraft:walk_under_water_one_cm":60498,"minecraft:sneak_time":121,"minecraft:deaths":21,"minecraft:boat_one_cm":119890,"minecraft:jump":2439,"minecraft:walk_on_water_one_cm":109902,"minecraft:fall_one_cm":58080},"minecraft:used":{"minecraft:cooked_mutton":3,"minecraft:stone_sword":2,"minecraft:stone_pickaxe":297,"minecraft:wooden_pickaxe":46,"minecraft:shield":2,"minecraft:cooked_salmon":5,"minecraft:rotten_flesh":20,"minecraft:torch":8,"minecraft:dirt":51,"minecraft:sand":1,"minecraft:crafting_table":6,"minecraft:granite":1,"minecraft:dark_oak_planks":1,"minecraft:diamond_pickaxe":6,"minecraft:sunflower":2,"minecraft:iron_axe":41,"minecraft:iron_pickaxe":705,"minecraft:dark_oak_boat":1,"minecraft:cobblestone":124,"minecraft:stone_axe":4,"minecraft:furnace":1,"minecraft:andesite":8,"alexsmobs:animal_dictionary":9,"minecraft:oak_boat":2},"minecraft:broken":{"minecraft:stone_pickaxe":2,"minecraft:iron_pickaxe":2},"minecraft:crafted":{"minecraft:oak_planks":104,"minecraft:dark_oak_boat":2,"minecraft:crafting_table":7,"minecraft:wooden_pickaxe":4,"minecraft:furnace":1,"minecraft:cooked_salmon":4,"minecraft:birch_planks":28,"minecraft:stone_axe":1,"minecraft:cooked_mutton":4,"minecraft:oak_boat":1,"minecraft:diamond_pickaxe":1,"minecraft:shield":1,"minecraft:iron_axe":2,"minecraft:stick":28,"minecraft:iron_ingot":13,"minecraft:iron_pickaxe":4,"minecraft:stone_pickaxe":3,"minecraft:white_bed":1,"minecraft:torch":24,"minecraft:dark_oak_planks":216},"minecraft:dropped":{"minecraft:gravel":1,"minecraft:stone_axe":2,"minecraft:wheat_seeds":1,"dynamictrees:oak_seed":1,"alexsmobs:animal_dictionary":1,"minecraft:cobblestone":110,"minecraft:rotten_flesh":1,"minecraft:granite":16,"minecraft:cooked_mutton":1,"minecraft:salmon":1,"minecraft:stick":2,"minecraft:dirt":8,"minecraft:dark_oak_log":1,"minecraft:diorite":15,"minecraft:ink_sac":5,"minecraft:andesite":26,"minecraft:wooden_axe":2,"minecraft:cooked_salmon":2,"minecraft:oak_boat":1,"minecraft:oak_sapling":1,"minecraft:sunflower":1,"minecraft:sandstone":1,"minecraft:stone_pickaxe":1,"minecraft:wooden_pickaxe":2,"minecraft:dark_oak_boat":2},"minecraft:killed":{"alexsmobs:lobster":2,"minecraft:pig":1,"minecraft:sheep":5,"minecraft:zombie":4,"minecraft:drowned":1}},"DataVersion":2586}