{"stats":{"minecraft:killed_by":{"alexsmobs:crocodile":1,"minecraft:drowned":1,"alexsmobs:tasmanian_devil":1,"minecraft:zombie":2},"minecraft:picked_up":{"minecraft:stick":38,"minecraft:salmon":2,"minecraft:oak_log":24,"minecraft:ink_sac":5,"minecraft:dark_oak_log":23,"minecraft:dirt":55,"minecraft:string":2,"minecraft:cooked_salmon":2,"minecraft:rotten_flesh":9,"minecraft:wheat_seeds":1,"dynamictrees:birch_seed":1,"dynamictrees:oak_seed":13,"minecraft:cobblestone":16,"minecraft:sunflower":1},"minecraft:mined":{"minecraft:seagrass":1,"minecraft:tall_seagrass":2,"minecraft:dark_oak_log":27,"minecraft:grass":5,"minecraft:grass_block":21,"minecraft:oak_log":6,"minecraft:dirt":36,"minecraft:stone":16,"minecraft:sugar_cane":1,"minecraft:oak_leaves":5},"minecraft:custom":{"minecraft:time_since_rest":11181,"minecraft:interact_with_furnace":4,"minecraft:sprint_one_cm":53702,"minecraft:damage_taken":2112,"minecraft:walk_one_cm":186551,"minecraft:mob_kills":3,"minecraft:drop":18,"minecraft:damage_dealt":675,"minecraft:swim_one_cm":112072,"minecraft:interact_with_crafting_table":5,"minecraft:fly_one_cm":52080,"minecraft:play_one_minute":76789,"minecraft:deaths":6,"minecraft:walk_under_water_one_cm":13578,"minecraft:jump":746,"minecraft:leave_game":3,"minecraft:time_since_death":11143,"minecraft:walk_on_water_one_cm":46791,"minecraft:fall_one_cm":13488},"minecraft:used":{"minecraft:dark_oak_planks":1,"minecraft:stone_pickaxe":12,"minecraft:wooden_pickaxe":21,"minecraft:cooked_salmon":4,"minecraft:rotten_flesh":3,"minecraft:stone_axe":4,"minecraft:dirt":31,"alexsmobs:animal_dictionary":6},"minecraft:crafted":{"minecraft:oak_planks":20,"minecraft:crafting_table":1,"minecraft:wooden_pickaxe":2,"minecraft:stone_pickaxe":2,"minecraft:cooked_salmon":4,"minecraft:dark_oak_planks":92,"minecraft:stone_axe":1},"minecraft:dropped":{"minecraft:dirt":6,"minecraft:wheat_seeds":1,"minecraft:ink_sac":5,"alexsmobs:animal_dictionary":1,"minecraft:cooked_salmon":2,"minecraft:rotten_flesh":1,"minecraft:sunflower":1,"minecraft:salmon":1},"minecraft:killed":{"minecraft:zombie":1,"minecraft:drowned":1}},"DataVersion":2586}